-- MySQL dump 10.13  Distrib 8.0.25, for Win64 (x86_64)
--
-- Host: localhost    Database: gym
-- ------------------------------------------------------
-- Server version	8.0.25

/*!40101 SET @OLD_CHARACTER_SET_CLIENT=@@CHARACTER_SET_CLIENT */;
/*!40101 SET @OLD_CHARACTER_SET_RESULTS=@@CHARACTER_SET_RESULTS */;
/*!40101 SET @OLD_COLLATION_CONNECTION=@@COLLATION_CONNECTION */;
/*!50503 SET NAMES utf8 */;
/*!40103 SET @OLD_TIME_ZONE=@@TIME_ZONE */;
/*!40103 SET TIME_ZONE='+00:00' */;
/*!40014 SET @OLD_UNIQUE_CHECKS=@@UNIQUE_CHECKS, UNIQUE_CHECKS=0 */;
/*!40014 SET @OLD_FOREIGN_KEY_CHECKS=@@FOREIGN_KEY_CHECKS, FOREIGN_KEY_CHECKS=0 */;
/*!40101 SET @OLD_SQL_MODE=@@SQL_MODE, SQL_MODE='NO_AUTO_VALUE_ON_ZERO' */;
/*!40111 SET @OLD_SQL_NOTES=@@SQL_NOTES, SQL_NOTES=0 */;

--
-- Table structure for table `administrador`
--

DROP TABLE IF EXISTS `administrador`;
/*!40101 SET @saved_cs_client     = @@character_set_client */;
/*!50503 SET character_set_client = utf8mb4 */;
CREATE TABLE `administrador` (
  `No_Empleado_A` int NOT NULL,
  `Nombre` varchar(80) DEFAULT NULL,
  `PApellido` varchar(80) DEFAULT NULL,
  `SApellido` varchar(80) DEFAULT NULL,
  `CURP` varchar(45) DEFAULT NULL,
  `RFC` varchar(45) DEFAULT NULL,
  `Direccion` varchar(300) DEFAULT NULL,
  `Telefono` varchar(50) DEFAULT NULL,
  `userAdmin` varchar(80) DEFAULT NULL,
  `correo` varchar(80) DEFAULT NULL,
  PRIMARY KEY (`No_Empleado_A`),
  KEY `correo_idx` (`userAdmin`),
  CONSTRAINT `userAdmin` FOREIGN KEY (`userAdmin`) REFERENCES `usuario` (`UserName`)
) ENGINE=InnoDB DEFAULT CHARSET=utf8mb4 COLLATE=utf8mb4_0900_ai_ci;
/*!40101 SET character_set_client = @saved_cs_client */;

--
-- Dumping data for table `administrador`
--

LOCK TABLES `administrador` WRITE;
/*!40000 ALTER TABLE `administrador` DISABLE KEYS */;
INSERT INTO `administrador` VALUES (571,'Jesus','Badillo','Escamilla','BAEJ800606HGRDSS07','BAEJ800606000','AV. INDEPENDENCIA NO. 241 COL. CENTRO TUXTEPEC','5598346532','jbadillo@gmail.com',NULL);
/*!40000 ALTER TABLE `administrador` ENABLE KEYS */;
UNLOCK TABLES;

--
-- Table structure for table `articulo`
--

DROP TABLE IF EXISTS `articulo`;
/*!40101 SET @saved_cs_client     = @@character_set_client */;
/*!50503 SET character_set_client = utf8mb4 */;
CREATE TABLE `articulo` (
  `Id_Articulo` int NOT NULL,
  `Titulo` varchar(200) DEFAULT NULL,
  `Descripcion` varchar(400) DEFAULT NULL,
  `Enlace` varchar(200) DEFAULT NULL,
  PRIMARY KEY (`Id_Articulo`)
) ENGINE=InnoDB DEFAULT CHARSET=utf8mb4 COLLATE=utf8mb4_0900_ai_ci;
/*!40101 SET character_set_client = @saved_cs_client */;

--
-- Dumping data for table `articulo`
--

LOCK TABLES `articulo` WRITE;
/*!40000 ALTER TABLE `articulo` DISABLE KEYS */;
INSERT INTO `articulo` VALUES (1,'PROGRAMACIÓN AUMENTO MASA MUSCULAR PARA MUJERES. PASO A PASO','A la hora de programar un incremento de la masa muscular para mujeres a medio plazo (2 a 6 meses de duración),...','https://powerexplosive.com/masa-muscular-para-mujeres/'),(2,'MÉTODOS AVANZADOS CLUSTERS Y MYO-REPS. DIVIDE Y VENCERÁS','En el entrenamiento con cargas teniendo por objetivo fuerza máxima e hipertroﬁa, la sobrecarga progresiva es fundamental para el progreso. Si bien es cierto que se puede conseguir con métodos como los conjuntos de series tradicionales, también resulta interesante aprovechar los beneﬁcios que nos ofrecen ciertos métodos avanzados','https://powerexplosive.com/metodos-avanzados-clusters-y-myo-reps-divide-y-venceras/');
/*!40000 ALTER TABLE `articulo` ENABLE KEYS */;
UNLOCK TABLES;

--
-- Table structure for table `clase`
--

DROP TABLE IF EXISTS `clase`;
/*!40101 SET @saved_cs_client     = @@character_set_client */;
/*!50503 SET character_set_client = utf8mb4 */;
CREATE TABLE `clase` (
  `id_Clase` int NOT NULL AUTO_INCREMENT,
  `Nombre_Clase` varchar(100) DEFAULT NULL,
  `Precio` int DEFAULT NULL,
  `Descripcion` varchar(300) DEFAULT NULL,
  `Imagen_Clase` longblob,
  `Cupo` int DEFAULT NULL,
  `No_Empleado_I` int DEFAULT NULL,
  PRIMARY KEY (`id_Clase`)
) ENGINE=InnoDB AUTO_INCREMENT=10 DEFAULT CHARSET=utf8mb4 COLLATE=utf8mb4_0900_ai_ci;
/*!40101 SET character_set_client = @saved_cs_client */;

--
-- Dumping data for table `clase`
--

LOCK TABLES `clase` WRITE;
/*!40000 ALTER TABLE `clase` DISABLE KEYS */;
INSERT INTO `clase` VALUES (2,'Natacion',70,'Nadar es un deporte perfecto para cada tipo de personalidad.',_binary '\\\0JFIF\0\0\0\0\0\0\\0\0\n\n\r\Z\Z (\"&#0$&*+-.-\"251,5(,-,	,,,,,,,,,,,,,,,,,,,,,,,,,,,,,,,,,,,,,,,,,,,,,,,,,,,\\0:\\"\0\\0\0\0\0\0\0\0\0\0\0\0\0\0\0\\0\0\0\0\0KedX\t\\s=קm|w\z]\LNDy N<(\\\\Ɵg\u݇3\6\\gؿQ\\\\l,kO\:Z4tֱ~r\Eq\dl){\\\$r<q\{\\8\粤;\FK Z0a31b\\W\\\l?\;p\\]̈́DVwѣ\\\w06tk\]\ZT\H\yw\\\I\X缢 \x\\\Í\\q\\Ɉ\&fb\r\"\\\\Zl?~\1\kLMcM\A\rr;1u:\T)kU\"#\OGU\y-\"\&0e2xj4}ga\pj%Zݎ\\rs\'3!2!\\ZpB;\\	\\7\rG\^\\wm%@\\5z\\\,0\\\\]vL\0&\r]`\\$W)w\:}}\aZ\\iIFI\0/T\\\n\#88a#\\\\ns|KD6#\z|\MV˻\c&k\\\nCfƹ\5\\\\[\}-\\w	U\\aA̱xdJ\u\\m}7o\\w630bB\\4MB\\+G\oh3cm\4\0l\\Ie$7^\\'\{m\\o\\\^\,W͝\%%\\ȚԸ\kKr\-XȀ\D\\[\\0>\k|\\\n\ntu\U>z\+B\;+6Y\'d\I9y\e>\"yn\\L@\n[\8VGW\Z;;΍;;RP\/Ws\\WO\\Ry\?\;Db5\l7Ty\\;,M:\X\_{pƎ4\Ҷն\͖v\%V-\\\\ӬM~k\zϤNw7&\"4qzއ\m\93m\\\s<ޛSOnWΆ%\e*gٱa16\n\Z\[_\\JQ\\rt\\fF\ڭf\̐/]\S\q\\3\M\9M=W6\ B8\'AP,R\[9cd\\Lkde\Y\v9ܶ\\a`bqUXXP\\\'Ƿ}զ\Tނ~o\PW\\\lT5\0;\\k\\&\\nXN3\ȩG:-Rʔ\Mp\9\'\"\O9zRy$}\'R\z;ptZ:;j\yqW}\\)kXT;\r;-\\n-\n~<k&\\\wyYd\`\=\6\\7v0\\	G8{o\t:Nzs|\-\59ܧ\\]SU=}%JV\\S\o0\02\ɍ}wU\m\\\́)#P\-\\3`ݦB\"t\-.\S\\I\\4^J\>M\\m߂\__M\l1\A,\\m\w{mư\0\\ɭ\\z?Tk\\Y&q*\\\\u\m\\\\x\\^u\jT\\|\X^i\*\CӝִTDM\Z\=u:\\'a_\^z\\\ҙ4\Ѧ\G[3f.XfE\m\HWr\k\z\Yc\ui\\\\uA[\2\\\\"\0ahMu,BSee[&ö{Nk\\]dr~\7D˛\ZOIC\n jk5)sj8\u泗롤\U6轘\:N^󵰖[`L6Ǝ\uԪmw\`:\M/+\{\J@`\!ɀy\,1XUU5i\iw\\Z7oN\xw:Ufj\~zrݕ@W\\ZֹL1J\\,_\!s\8m߯hz9\İ\\'\nQ\m\\3\ڡ\\_c\u-U\{Urz\-uo\\\jf\j\\%Uԫ\\{XR\{%	ۭ\k\\6%\m\:&VR>\XxL\n\kG\Ӈ\nhb)\$\mAv\nE`eUUjiW\\\%n͉){w[\cBM_\t=i\\nO\\\6-\Iæa:6ɉ\kz\W;\$U^7S^\\l2g\'O_S[\\\\#\<da\l7-\\9]z5/鹾ĜN{_x\Q\n\djkm\r~\NΧ-\n{\c\Q\\4)Yl~\T8\\h!` 1C\&Nf@f1Gwav\5--*\r\+wvc\ZL\"E`\Z]dWQvvB<Y\\0!\&\0\7ջ\9{˗+\ii\\\\\\\0\vdn;&`NYbČִ1\UzR8nMo\\Y{\\lƆzСQ+:y\\\{1\um\굛\n\,ܵu4A\k5\JF\0b23\"#;Ńa\\텧.R\\l(\6%[Xf*Q\n\,\ͧ=c\\\Xໝw݇-\u]^\O\/dmñ)kjR\\\T00#\0=Ńk1\tDȐ!\dȪti\Z\V\iy\\\2[}\k\{\\y\א\\~{[cxhB=e\ZU9##*\\\0(c&\\`TvNğmqfed\r{\rZs#V\qk$SNw\r\'6\\o\ګ\i(k180\0\"\"!c\Z\9\E32IYkes\\\y\K$+ri\E:Vq}=\sFSVNL\FfLN`D\n\D\"\"ڛe&\<1\\bd=\kC_}\dlj(Zٱ5)\YZ\O\nj7\h\\\Nd\\dD\0Fd\s\'2v1#2\\&%Xc6[s2%cM{Fm7m*e\Z\j\b\\\(k*dg#\"32##\"\"`F\0 7xL2\'L\K,-\Z7#bfo0\n8u\\\bBZ\`\azOn\^\-Uqj\n\h]`\Ȝ\Ȋ\ D`.8Ȥ\L&IN	d\l52\U^a͊z=n\5\BoYZ\'s$#3\0A#0cNa\rlP	L\k\rлo\d&lV\5RIC\\\\\0\̜̌B\Zs1\0\" fda0\\f\Jr`\v,ت\\Ī\\\$KU\h\\#\\2\0#\' pe̈ \\\A@;&D\y󒅦\"rY5\\\r\{\6k4m0l\,ɐ\"[\2rZXY89-Hc3ʵ-\\Z[y\2iw\Mq3\"\i\\DD1}V괚\n0(f.rd0\@\ƋNM\%\TEeG)Z\u6.\\٢=hd{?Yإ\A4\_ΑdjUdT\\K0fW\\yd)	\:ݻŔ(\05\Ⱥ\nԲ%NUI@Xҝ<y\9Z\:\^`ֳc&\\B/To;`Z\sV[\Y˺\\,P\X\+֌cJkY{\ WRV.10\`SY]l\\5k\d)ނ\W\Rbhߘg&N+\-\\V\\|(M̛9\"\"#\`\\\0@@\0+O\\m+hs3oae 8SR\ֵ.\f\\"R\\\lJ\vbh\'33\nG23#\"20b b DDD`@@FrR@tR*e)ɩlPҚO*ؙ\\ɘ\)\"lbc2s3\"c#\"2\"0````B B\0DEl2\"WAd⍧1Z\\&\\a\5\DS$J\nq$S3&S9&\\"##aA0̋0哌#BMF\\UZ\.H\BdA()\\\#\Ɍï\00!\"!\#nA;\"N\Z\\nN9\\\M2m+\BfK\n\ZHK\'\'32b1&S99\#\"\"\"#\06\Hl!\68\a2\2raLo:rHt+E3zs1\d-@\,+ծ\L\d\Nfd\n%98\"0!\"7\`\\3b\̔\ݶE33W&Ju{& гe\8!ϙĂ)xə\\\̌\%k)\YB\7DH*֭\\f\n]OE\\ؙNt\Z홨֣]Jb5\\jWuC\nrfff3#\"\"\" a)JcQ}5fAT2<\u;\e^f\5\>NICZ\PW֢ŖM\謊 \̌%JP\nz*6LɒDY\\\\]\"&9kQr-u|6\0\"YUyە\\EY8U*ɜ\\̈%]{כ׭̦Ju\\rkɐ\-g\ۥе\\7S\2$*\ݎ\\	NMZ\\*VNXɉȈ\*\-\\\\\Z]\9Q~kXUֹ\	ӭ9\dk8͞\vc @\ji*ҺT\mzՕ\(\"33#\"\" `F`olv\rf\<#n\ll\\ES\#ӷ\;\̭\#I\\r$azKE\ژY(44\l\\\\ōn^^dfFD@-aa=w?wu;\er-@\miŲH<\P\\0\\O#\uj[ЙE~nj\\\\Zf\k\\\bc\"\"2\" c\;	\s\:*}ݓ+\\pgy\[.^Kbٓ4|\:l\'\V\\\\\a\߁ɝ/Og\\BD!GE\\\nWMB01ݔA5Z\nғ\\',\)\3\\݃3-\|ߧ\G\f*\"\nS\ld`M\\b։ʣ\\]\~W]`ݾ̃^ZmugWn@lZǓ\Y\?A\\\y,	#q\'<A\4\"f\\ᅐ\0\\+\6[i4J\Y5I\lXB\"}-\:\R@2= `\?U̇WoS\tn\`\-#d\_\'\ny\0A\.XÙSB\n(\{\\\b9\p}o[[۬\\ҲujsZkۨ\V\"y\0NQPm\\j\C\F\\o1[\hv=}2\qmvS\\ygX5\\Z\"S8\W\[\f\0\3\0%Mn\;ngr!\$\~b\\Ri\!IL\\\խo1S\z\Aoa\n\3<J\0f\\3.\Y\L\nI\\!\"\y\4\`3TT|~\[*Z\,Z]g1Ow\\\\:mWj[r\\'$\Y\z_`\3\Fa39=	\֋2\ndFdb4qS\\`a\"\Zؔ\%\_\6a\nD VR܆۪fIhK\\V\(ۍ\Vy\Ku~k\\\!ș\9a\0@\ת\\"\ͩ\ȅpC\:m\@xV\\-^\'p+RU%\v\\tw_m\'	\ıe\\}kgW\\3,\0Y\gq\<~\\Z\\\d\ɤ<\\=c\j:=BVc\\\(\\\\Y\ڰRkEsO;K\]X.\yI-\^sKzNyk\:c	q8j\|\9(d\nE@Z/6\v}_M\\qYHz\U/@\\rZ\rW5B\Xn61\\\\KQ\Yrߋ|\\I\\#\55}u\\2lX\'\Z\;\\|u~\\YaA^\!_\{ު5\\S{\\vBmؒ\E1\ݶ\0My8a\8\+-_lۧ\z~\8K,T\bƗr}9`k1P-\VzU)r<á\\\/6nbӵf\\	Õhe^\l\q%[pE)#_\\O,\\":\ DMJ\'+N\4}mhm\\\\\\:P\;nb\ɱ&\7閃W\H\\r\_WݲrE\	\\[V\\\\v̽\0b1G)$J9\zN\I\\zCT\0U\Z\#\ǥf\́Cm>\\)bL\n<Ӄ\k\}jϮ>1\d	008I\|7}\3\zv\\nD1s8\UP\^w\l\9]\Qf̣W\'\\oktčG5\n^Hv\/\^y輛\	\Q\bcs$\\o=6\\Zr8,KDX\d\/4\\>yG\Ecl\\Zpޫ$ɰ\H!\b<*=\\gDLl\4Ld%xm[\rg쵞\1\\\\_\0[@	D(U\yҷO\7mR*!k\\Ԗh׹ah\\ͻ\0\_pOz\\\\Z՜f\Lj\\"\n|S\6\\\T2D\f+,u\m\q\%_\ΪkbETm:\r\kgaƾo>*l\r5>v˴:&\{ͤ\Z\Bi\}J\#\\oR\rp6\Tg\7>꼃\\'VԦ6\쵮\h\0\\0\Z\0\0\0\0\0\0\0\0\0\0\0\0\\0\0\0\0! m0\|f@1&\n|\\3\\]\Z=	\\@\"\ӿع\\\0C\n*<2\\\x)ZCGG_7.擔\\\\d\9â	9R\\C`L\N\ɕ\\0;#9l3\Fy\]\c:HRI\0%©r {8ߧVcp\\oε[nzo\9n\\%kф9\\\GdDT\55G\FQ\\Y0w\匌\;\\sI\y_O_\0\KH~\\%\\9D\ǥuO#e\!)>U\\	F\}\#y\ϯ_>omc4Y\~oPKQ$\\g/<6nR9sҹ.UJ\E\\\>\m)קe>r\9ϧm9\\<\\\mI/F\\D8\rc/;+\\r?E\GGn\\ژI/J\(v\H\L\K3\\c\\\r֪PI33=\U61FrOF̆o6w	mSN\JRL\m\S@\c\ZR\\u\\׳DJJ&Wmն鱈婋\\w[\i!%32.*\D\긼zuwn\I&%%33)OM\7t\\\ʖy~OGgoLPT(PD\%de*\۩zZ+ju`1\IS͌\@$N~U<:փ7sR)(\Dh\n3*Ζ;N\\\\i	!R3=Ut\\\rܶ*&PI!45!PeuݕT\7NK	tH4L\@%JJ\\\wI*hre%)	&f\A\KPm8\'g>H5\9Y*$ I)S31\Zh\q/<\Nw\!o\ǚ\YUҙv\T\	JR^uFrU\ȲBy\"i\c	I$B̔\\"%^NY@t\Q-ҦXݓp\8Ϋ4iJ\\gg/\Z@ç|sIn-enZR(*.89I\ĄثLh\Ns*m9\\\0>D\0==+N)l\Awbm2k\Ïo\"z\0c۷:\e2u2% \<ι\B`4:\ߐn6\Ptqa\z~t\I7}S\1U\ZK	!$\;<\H?_\0M^\ZJzgHv\&T\\r=\o\'\\\Z6\:۞tj\\0\0\0\0\0\0\0\0\0\0\0\0\\0\0\0\00\\\KU\sǗƒkQ\÷S\5cLr申$\\?\\d;:\\9|f0\׶ޝ/\㶀o\\\ZQF\\Z\p\r\\7\#\ٲ9|Jj**|wsҙ3\м6Y\\K͟\ѹ\\wl\\kE|^\+ܫmǏЈw7♲z@Tut-\lɋw-|\\\;\,B\}ZIfM\x\;O\ng\u5RLOί\r˟63ڱr;|]\\\\ulݣ\\v\<]KTˏ\0C\\u_AY<\0Z5،㜯]O~\ro#nL\ҋA2\;{\;^\8k]>\xLGC\\F\L\<2`\LYhu05-Z\\#ivvꔮ-\|=ک\|9iݫ\D\\7\\\Q\ڔ)6\\\\\z}\]\f\׾1\09]\\G_\f\[}\2aӻ\]B\v\v-\(\yNs\Tm3:w\{\\\ZK\Şfwˌ#5\[s˟\\\j>\L,Y3R\\",\\'!\\$hR\%\4\\G\"\0\XfvgYNsEUI\joV\?U9wC\\\_/33;\;f\9\S\\=R>\8|ܙGwq~\\QXhEsRm\{\p`\GQ\sr\\kC\Mº>y. !6h\ʼ򤞢J=h\\BC	-\Y\NӍ \*HR$\;Vd(\12.\\FF*^3\,\\^n\@\+%Ïŋ;;Q\\sYr\Rl5\\3\Z/35*ܼ	\'\0q-\wj3g*M$߲ ݖ\լEHZi\08333w\ZJ1/8\E\\\\{I\B;N,YbkZWq,֫\\\xS\6TEբ3iGJ:\=Ӄ80yE\\,\ٝ\Te\vj\]\"l;x{pϘZU\,\[\䱚\؝zh\I=\j﫯t%j@D&|Y\-l\.5dOP\g\\ѩDr\/Mdt_mM^xU^gc\Ǹ\\\%{&jl=\\\\w3.\rS>c\\\5\\\\\66p%\4Rrύ4TQh~\\\\\ZJRqTI\\\0\\z\\\\\@qxÈU\cЩOc	5(ŭ\ǲU&\Ûf\\\HQ9><\by\Ƈ+\sq=\gp\\r\xHA|;~\\ry=\\q=\\\\[H\\\A\\ڧ=[\>+\\\\/\G!*˗oMB\\\06\0\0!1\"A2#Q 3B0a$qDR@C%5P\\0\0\&\\0D*V;\\\l0]sڳhr1\k\0\"\G?Fl9\"t2?M\|NA;e`)\K\,E\}j\!\\'_\HJT9jz4\ݟ\\"&Q0\8\\Qc\;OpQɟV4n\hvG,\㈆-5\d,g\})WRJؘ\\\KT~C\qÏ_\"GJ6kH\\\\\\$ЏFɘYJ7Q\\Gi$\PyL=\'H粹Z5dj1\\)(FhJa\\n@-\0\\\\7M\\rO$O찅6451iZqN	\0\cGK-q)\\ v\\}G=\"Am[~\U\\WҐ\arֵ\9A{I\s\0\ô$לx\Сlj-%y\'8;LLN\9\M2Jv3H;sE\"Q\aDR\\\E~y6\:\\\\\lE0\0\\uɇÌН՟\i\d\ƅHOAK\\>k,ħ=\\Nr{q\hw^!E\\\\\A\zJ6U\D+-\R\G0+7G\?H_މlF\$06wsf\{pa28\s⿒52Ѷg\\3Sg\ع\,A\Ut\J (\JHT/l!3\r^C.\d\+dQ4-\r\\vi9BO\lKQin\ppJ!HtSe\\'TMf\bB\-ot!\s\X\d1\n̔@͘<\'k0q\\\\\BJ\\\OwJW\\<t\ӿ(zF\\\Ө\\A K\n=- \JT*]X*C1#x\|\b\\\\:d\G3:Դ\\k16<=%qK\] \8\v3eĘE;$m\\^N!\n*BzWJzRy\jr\I@l\\x\.q \!/Ѵr\y2\{!\$\rAcI\8\n\һ_H\4쉉2\\Z:gĕ\0\䝔؂\Sjq4,\]\#$$q\r\|\qV\"TVnCj,Pv\\r)\KN\\EBelX\n\r#yCT\ґ \ׂY	@mjo y|J\ZVbb]!\Iv&0\[jw\0\Dx+\\\n|-r~\r\c\\\ pMzJU\P*\x(\B-M?H\\\&Ck]\.,s4+\|1inb;bk\\y$a-N\f\0<iZL\ZAc:B?B\JR\cl\\\nɝӽ3\ooX\rR\xQIώܽď^\qM\\]/V{<Aޘ)Q\S4\A\\v\J\'\Zs^\RVc$+p(Q@RWEe\ˎ,\a5/\\:\'RƣݓgbF\\Ztmtx\\\b.\w\\k[g!\pX>79 V\\q\\4گKGʫDR=\0\/-\ʵ]\\tV4x\\Y2\cf~NC̳d\H?\\̚eF\CU\\OJu+Yp|\H-oH\n(\+\DQ6\c\IJ\\~OpK4K\,\\"b~cLkpFȺGТ0.I\O\\ZCQ/)WJi6A6-=[)V\xT\n?\h>((ڒ\i\`{\"pӣNn=\\i]\\"Zk٧1CX\-5ofM\̀\$$eB\911\0`	86v*EG\{<\-\U\\nNtPu\ ;[B\"\rVvL,7kR\Ȑ\j\\8\</\\e\\ƍ;<8lG&&E\0Š@\=R\"5\Եh\\\e3\W\\ǞgZ&\}3yyٹ@|&~%jΚb?!~b\\\3!iYy{k/7be:Y{olЄ+\\xpO\)\K*>\es)\IHs\0-6V(*[VШ@\0;H6\#\ \shˍ.>Y1|rt9G\1r{\R\\\*\	kc7,\\C\WJ\txdvx+r\'C\t(]j\V\'c\Ž\MO\\;\\t\\5;s\0\\0:\r\\tɧ\r)Q4\v<PE\+\C\X\\UΕR\I\\\\\\\Vn,\\\\38\\Kq;\\d4?\ \SGJ*\p\\IY9m`+7;y*Y\e\al@\\B\\y\0\\~\\Qҕ\a%G\Z1:4X\xL͏k\0a\=j>%l\0#\*B\|[\\\HA\X+i\\Ϗ\ꑹsp\\'m0\(n~5`\6#\Sa\\1V\\0QVBEc\\"\ה~PAqt03X\K6rr!Ch,kT&v\#r\r:K\\\\\\O!\0d9Q1y\p\\{8\\Z\\pQ\ؙ՟[R\E\e\lݓ\\Q21e\3\t\`\#&rf\\r\N	\\\1\\0O\ڧ\	I_\l̏RI*7m-BW.d\N%m6Ӣq\0\B!;\\!BxdC\c!{|a.(\!h\Z@\0\n\\\\\Iwm\\\0K>\l\\\-\Oc\\0v3\<\:\\\\J)F-Bu P[\ܭ9\h$f\ҝ$\ra\0Y\\\٫?7p\\\\i\'Ck$pcIō@,\3ytQ\7.*\\V_j\*ѐ4\Ɨ?N:S*#u\G2\%b\V\+X5\!\G.S\2&\\\\\K%;eƄHk6s\Q\QZtA4\m\0a\nFXS\nrd\"4\0 \ZBH\Z[H\҃+\\\n\1lA\B)\0\\\Qa>Ar9Nxx6!wlMliک{\k\t{\\̙ ;efDe	\c\G\\!AJ*\nE\Z,Ei$bVmtP!LdGQ-\ǏD1crOk\c|\/?DT})\0m[i\0N\d2h\ \h\ImƄA\0cW$r\rOꠕ\r8\\6\\n.N=-e55c\c\e\e\<|%<v\\"Ø=\"*TOm,KA\ze\A\0PjE\-wBTQ\Q]\*!(5p>nj,w\}JF\6HCg\\\\s\bé\7H,\\'Z|\Z(ZQW\0:VU+mf\\Zl1˨}\\\9>\\Py\fmU\R!m[	[\nڃUR+\\S%>3̭.kK\\Ҧɘ9Ib|,g\wcxL#M9iV\\.FՏm\:\\S|Ef\1\\\\0\\J\\\0\Zl\"&P|R \V\H\Z\\P\5=E\\r_\sJ\QY0~p\8xd\0ճtNhn\n\B\Ql#ż \\\h9Z4U\0\C\\\\\\rnS2\'\0D>\Z\ DK\ \\f\!XmRڶ\+VZ(㰏\ڵu\k\Z931g|m^\;\b\(\rC\KlRe Fز)\\n[[[\R\؅ɗᗗ\6\\\`+3Gh\ɏ!,M1;Ǥ%O\VFTd\r\-p\8\;71qF\Zrs/\ڳ	lfX\\v֖>\U\0pxBB!ƞ\NR(AA\0ׁ#\Z|:\/\\#\3\|EH<G@ZjHu$Ǚ6V95\n)\0Ke\+\d+ҕ\4=\\\0.~^>X6A\/9Y\^<\%$s\\φFm\hKV\Z\n>iWE/*YYߩ\I\!ŲL[\i\aʝAц\\ͅ\`#\"\kr%K\3\\Y\Z\\\d\\\RDQS\\\~\#)\n!\jb8`t7?#K~\\\ \c簥%q\nw	#\"\'Hpe\\\nY\\̔\C1\[ASż#\\8x\I6:\.HAD\"jtv\n1\!\ȉB0<S\\$!a5\!\"\2aG!\a=c\ql9\\ʋR\gwzN\\\\L\v-l[V\I\<	g S5\v.v\\Sŉ\٘mWƫ(ˌ\p\ƶ8Z%\5\rܯ\)#l+IF\fM:2f;{~rLqb>onFFՏ0+dAZ \ru9\6&\%4\\C\\")\CfI\[-\#\s-F#\1\!pl\\!n]kU\v>;ѝ;eޠ\bX\\n\nu\'ȋ{VZ\F|\ͦiѭ3\[OX\\\TT-:N\F\"NО\\VҶ\L\O0!+\A\\-Ժ!P\\ZQxr.#]r\)\0t\ZD\[f\3ބp\>\"-\nT6h\e\\#fckRO42\#\-S\n@[<Fñ\L!\\\\\\dS\D\\"+hW\\W(BA\\Wץғ!7s\_!dnf^OmfKweXz\JH1ZHsI[r\Ɩ\ZXq\0\0,\i\\#1\@\0f06\VtEee\qk,_ߦ>9jvf\!\5<V\\ZlQ?z~dxt\\j!k/=6\zȗ2Tr\<:D \\҉\&mlEbڶ\"a0a.\GMs^,:\)\\n\G\|Kx&lXj\ \\ӛJf4i\0A\p%y\\s\)\'\\\\r\ǞǎKJ\h<We=xeCNt\itTD,lCe\-\\\sp`fQA@\ZTAB\\_C架E\0G\P$\\\\\w+t\18qnr-zkꑥ>H\\\\א\,9]:\΅\~\0,ނ\ɚ	>8Ofx\k\0NjReBdاsY\d/\r=u,\qzt9qe\j-#$;d\7X=\VF-2q+	tඦ5\5.f\D\!=\~io\k\nϋ5	7.\"?p;\ZDq1\l\L	[\\ncF(\\\"\ k\$y\\\AG[\n\O	^Հ\K\H\!w\	ls\\\Io:\\\&\\\#5عOig\\\Z+i\ZFGHvT*T\"\\Ti٩g\\\#:V4YlP@\U5U\"dO̍\\?Sn\ːX]#].d\el	;\\c\\\\JO,9Y\e\,f<[#\2y\#\\\\c9\{\\^\p#sh^f\?\\_]LV,jm;\\002\6 \\cJ)Cdx$!IL0[\O\4=\<s`ƃA\F\*QT\FsK\6\\\HB\B_\H\m)7m\rt\\\'ˏT0z\\~\sp\5/ēG~+O\\eƛF<܇3rf_\\G[\Pm(^\\=4D}0lI\",iُ ᏭE!UB,xAɮ[\\n\n\x\nmW\nr5G\4 \ϗ%\.S䰸!qZ1(P\KE+2\\\"\0jk8(\Z_;\Z0\LF@e@\L9d\Zt̔1nlQifRH/\`|k\Z%2dN\f~#em\",R\t\O\\Ëh\gZ~T;\T\YMX\.\b\\"Ј˂⽈\TP\\L|H0\w9G>Y\\\&l}\&T~s\0\IB{Vb\7!!\\G\'/c]\\cv;T\\qzl\\\;/-ɐm6\T9\\"Mk\6\0\\"\\&JGGy\VCvF?my\ZS\0\ܹ\k۹s\\n\\2\9N&~mԠ-g\>g\ɕՁ\pË\0\\\AP`[\ G+\qN0[Lȏ*x\1x$/v[+1P\O$s\ZcMf\HY[r͌M=Q(phr(䳍5I\(\Z\ߝ\jЎFR1\\\\F1oc\'\d\r\\G4rx[l-羏EW\؍+\WCi@\\\0@MRCT\r۝\X{tw+32gN\\rڶ\\/	s\nDynX^\\e\}~\ZO\8ʋdk\'ǍbwM!mC[\"i\\h\Z4Y<\\69-;O\ZK*2WKEP(F؃Q{U\G\r;O}\Z:\p\f<\\!\\\\Q\+@\\Ҷ\\\\&]0d9\a\\8\Y\8d\vƓ c\\ɷ\'\ee {\Z\\\\n@\'tfdDC\3\M#l:~Y{RTXB\\%51#!d\\\k\ɣG`kŵ\"f\\>7\\\Q@J~ȂnH{@%ZB?AlVH:F4ߙދ⯄v%ΈN\\gm~\Qⓤ.=\\HE׷jE\]\^3\xA\"ה\=d/w1\ˍ7nøǽ\"\\{nk37x\$w\҃	*Aƞ\Z\.|!{\\ZhǛf\!0G1v,\ZLGlAw\9\a\d\ \z$@\\\\P[B8ѿ\\wy\ӳ\\_M nv>s3^>kq\Z\`(\nӷ(Eݓ\~\c\\|I\Z|$lj\rcǕΛ!͒<D%\1j\n30=$=3vcIX\Zː\Ra9\\Fə8Ʉ^\\\ђ	\e\\q-\f4&\Ň]\R6^\օ\C/\#x᝙!\q\"rn;b\c|-\6Jh\\\\\\YYmR\\|Q/w~6s\܏\\\\A\BG\s\\0\WKbظB\+\PJ岖sj\Zn\  !\5@\5\0VcM8\cN\/MĶM*3HtR\\|\4|K&Vnf\ׂ\9>\\\'*r\94.v!0\\\\<U7ӵSu\r\\\\pqe$\\\X\u\{\0G\\#\\TY\K\8k\y\~\Y8Z٘\r\ZI\\&}CM	\rH\߀\0iɏtk/$\\\Q\"9t썤\\n/]9\Imd-\0\s\\l\ETw.,:{sn<VS\"5a[^C)a`. -\\\r\\'ß^fʉxH]!\n\cDZ\\N2MU\&L~VWk|1maB?\\\"&\;S7\0\WB\0W\0\\5\vBIaA&㲓q\W;S\F\Ɇa\o0wr\ZU HM}\ 5\\\,\a\sEAMN\`dx\?[\Okzpz,1\)We}&e0QQ\\Ser\\r{x5@E\Z1+\re	͌g=aFe\8(䥔\fxP\eg\=\r5qKJXFBf1y\\Ō>mZ{M\i0͙\0\L\D`Xw\5\'43\nbC ؤ$\rtA\t\;O{JB\2\,!aqMô\0c\N\}KBU\r;YK\\e&DC50\r)3\?G&DeyI\V\յm[ŵmT{f}2\B\2O\\C\ʯQ\\(]7\0x2c\7Nǥ\\nw_\\4\_d_GM\j\nb;n4\(:V\Ǒ\%ұ-x\\r\~4Q+K%f##r^&3-\s\1EGRmP\ZQ\\0\\G\\\;\0;\\g\̇\͘d6R5\\exnkDp` {Z\X\,{e\rS@\1k\3h\c0eHVoʔo\V^{ⰳ\c3$\\\\5ms\rPC\ds=Vg\9KI>YP\\\\Ǐ\zq\N\{cFǾyj&H\u2\r>,J,om#D!+.L,\0!\1tNO\\\\]\9s\2\v~S%\qERکRڶbض*TR\)0o-Z\3`G^\E\\:KBUL=~\^`~>\0lƛ7\n2\Z~-lBWīGk\n\.8x\\\ZGm`e\|- \K! (\"\pp{\0\\\Ld/{q\-Q\\\{6^\<7\a#n[\Y>J9XYn6X\\\\=\/\\3Lc\r\)\6 A\q{.h\'i~y\+8ajgwc\r\rTffI	\a1\r?lmAX&\<M-;\Zx\\r& \\aq>̆v\+U~\K\&e)\rihK\`\62z!ODt}~Hg$\`\hl;\m]ti\Nզr~ly/m[VյmTm[B\^޷nGz\n\q¶;\cck\~@^\a\ݸy\j\0&\-^\G\\\`u2ad9Fra6FkO9\r8c`;G\6=[e\\n/+	\\n\0\0t\i\fq58٤dN<\+T\cx\,ioa&Ky\'h3\\ֿԐ\DHZ*E\I\\\)\i\xF\\\\\Z?vٔ\.\\Ę\><\@d\7g˼\͓\\\B\\&59c\\wx\\4b\1\\!Z8E\aHY.Y5\#\\.$ɩH\t\r\TgKanrܯk#\\\	$\\Bw!P\rC/q\?q\\0^o9$\O*\?|\s\<Ź3\\ԧԛ3Z|{^\{/p\0s\"RIҗ4\\1lI0^%-rv\\Zf\ZW`\\\Z\ak\\\I\Rv#KFgqy\O\\`;I\A\\0\n&\%͢1:^\[AY\0<g\\\:68e\\d\^59 %\\\G.LW\pZ\\nk恙Q7\ˍTv\'\YR\Ї?x\\|\~	\`\ov^&?I\0\b6\O\,l\CoJzRMjڶbضsV\\"\*ޭ\޾kk;\\@e\-k}\2+n?{\\ϮF-\T\n\\N\ț\U\n\q\_ v1\\\\M-q(Mʟ\\Ns\_;\VC\\b|(\\\\8\\\x9W\ܴ\\n9I\\\]e2>8XEyF|灹4}<\\4W\\n\\k\{\'xa\4I{q%dfcyXP\\$\\Aɝ\,e\ZGct	%dӜ\\<\Qp\\y0G\Mn[\ZD\>W[iRvJzڵnr\"\-\z\V\n_%TUEQTU*j\\\C\c\\"\¸\BW\Z\\"q=\_0-\-m[R\\oiCQ\_\\?X[񏋊/>8/â\\S\Z\4\y\l\\\J\\fӵyԦWdW$mk\\&7J\\\\~\\\0fɘ\+Ni\9F\\\_c\C\GK\wG.NFf\A.$\"ȏ-&NsN\ʞ1g\Z~u(bal\\~Nl\9\L$os(ɍ\cl\\g|zv>.aXVau\\\P].AP].m_DM]*m\n\w\dc\ ˙oil[r_@He\>3>\\#c\\\p\\Y}7o\\[e\gٌ|b\/s{E\\0Oۍ\\^\ZhD⽻׷{iQĔ`\V@6K_n@;hp\($\Et֌m\\\LW\̛,0I\,|R6f\sv>l/ۗ\\9\ƌ\2+ƐF\b\\.t4vP{XB;\\\wo\?h\\c=cŏ\p\O\\\ȷǳ\.6\FL[N}3贕\W\Z\kVШ*\*S_%ڵaXJTT2+nrFG%q\"c6LMoˎE\\"\pmx(\[\0@\pa+H<s\<{ܠzy+\\\$)\\_ \vK_2wxx\\nin>\\\Cϼ{\d2q\\ޝVL\!%\\i\A\{ZT\K\ls\\\\!\sy\"\g6,\C1ߎїv7v\b\\nR\2#t+s642z^\3@\{\N\Z|^7ӵ\\\8\L<s΋\>h-SW\|Uj°.\\[\|\Ȫm!vTU*Tm[\V].^g!)[Tn\V\\l?|x\1\ƅ;%\\\ŉƇb-!W\\+-\BG/[\\ҭj\cV\Ӌ\)\\\"E\%ɰ0\ D?\\l{`(0Z\\rc!a.\5Mt{\yڽ\\Rm=Gvm\e]w]/\?Z\?\*i]r\\\\"\nr\TomZ-XV\m(R\54kpD!+W@w\J\\Ћخ5-\\U=l<y\R$U\"/9o\>d$rι\^\\Ȝ̹\\\/v\3]rn\ΔxF`P~\0ϼ{>\V/\\\(Kh?\r6\\oVٿBOs,\1J\9pZ`||Wx8p;	\Q\8moc3a\\r;\MG\ZvAm5u	i۰\\MlI,85Ԛ[\\C\Ǖ{iW{yE\"U\\"\xD\VªWJN\~-\\m[GJ\SV\\\MTKҰ\0D<%\\\{*v=.g/p\\Qq[{{\-3\tj\W*jMcP\\\7\\\\o!z\^\\\<dp\ĶOKh[\Z5mCmr>{>ZȮB88&\\`i\\8͏L\\oT:R\8x\C\yu#.\eҀ/I\\\[޹nr\\\w]YUj R\AVHTPW-Z\+z^\\Q\sm{g/lz^\\J\\}ٹ{FXmu\\\Q\nR\\fu\F\!6\B\\i\cweԎ3O\cGOĈ2\XPH\_\#\&m?\a\il\ɦSwD\=e\\}`\Ǹ2\06鱆X|\rd\\Xc`(q@	R9d\jL7t\ӥe?f\"0\\\\-mj o\\z\W<t̩^\ /P\_d\\\\^z\jV\*\s	2\rFDc.ZF#X\<ٱ\\\\K\CЗC\3\͒u\hjaj+jqn\KS\lkdkk֭[XW\]+%Y[V\\$εS?e5\:(\LMܶGn̈́BFC8G\8\\P\N.0\hC\Z|B(e1\T\rg\Αp\{qX\\\\\집C9b\\\ys	b\v{Xf\r?\EE4\'\.`\C\;\\\\5,sds?Jl	\i\\\f\N\Y]KHN,\\\mNLصɩg\{jX\\|tfACM?h!AT\\\4X͉AJ8\\?ۃ.YNv\❣\w<\p\r\AtY\\\0\1h\\s|R?\\\\=\\N\.%\c\8\Zgױ߄\\d7%\x׬g\=-I\	\(c \-BSt\_\h9v\:L\\NGZ0\\X3~\\'LSȴ\9/rH&l\~K\9C\dl\ldd\B\v]9!O))ƕ\QhCǐK%\9Q9b]6\Z~<Ԣ\\r]\~6F\'cJ\yŀL8l\`?b\o\v.F4<x\\r:<\'M9\\~$x\-ؑ\\\CJ\\\\~2<,w\q^{lƽ\G+0\-\0:}-\k\"3\Zw\\&a\\w \'#2\\L\\\{\ǉ$_\aA\5P\+lJǿzH\u\r\ݰ,\dK\p\a\0\#\k>lvl`\fmu܇7ᓛ6XM|_he@|\,uF<aM짆\0\r]\JǤeُ=\&jE(i\r\n4\5\^8\Z\;{๝\\gy2a>!\Ƕi\n>\{\A\6\?Ԇ\Dڳ38\znCHa\!6\"qX\\\\H\0|`\䰗äE\ha\rĖ^	Џk\\ʹp+2i\"\sv\\v\\\ho\\\\[=̣yN\;:o\\shs\+\\h`~W\u{\+,\\~ݴ5,\ڞcٸR\驺cdGT\x6\K1_X@K37IdB{\\\\,\\Sn\'$ڌWj\0\\J1nj}7q\_~R?<\ (GK\֏7M\}%_\ME\4\\kB\\\\Y;dP<\P\0x{wQy\b\b\b\boz\z\rHdN6x\Zb^Ջ\1{F/f\]ʽī\H\\;\;r\ .tg\s5rrGv\"E[\e\0ڼj\[A\T=f\m\ߤQ7\	h v}/\ԟ\*/\__\\\\Wz\];Dpc\1~=_\0#&?_x	\7Ǹ\I9x&\0\\\\\\\0Z EQTR\-[V\\'䇅\\\0l\Q~y>(\\\JQ\\\'ʋa^\})RCTL>\\"{J\|n\nµ~ոn(z?_\0Q\\0ߥ\'RRI\i[J\U)\ZKS5m[Oq\{[V\z(\Z-Q\\[Ų\ض\"\JAmRGm[jж#\\N\댭+V-[ض|\\-Z\ү\0\n?\U :H5-u\\کu~Q[J\hBem%lj\G\>v յ\Zo.\\m*[U/ʀjڝ\I\\\am[Q\\\V\X\n\#\v\0\0#\\j\Z\\E+lr\J\ [ի\0\0Ut] r\r+\Zw(5\q Uhy\o\H\!\0\յmF;\\\r͡\Zڶj\vѴD͐\17\gjڶ\"3\m[V\\ۚ&8;\[Qb?]\ \m\\MFF`: jիW\j\0\\\l+\xR@\0\\orj\0\\\Xp[lq\\\`AW\\n+#l\n*E\ok\0\F;|ݪ*TCE\^v\جۄ_RJ\\k3~!2-*[mH\D\0J*T^$C\ǇҥI\5\x\\<[5im\\-F\"\v#\01{VZ~Zj\0XQ~\?x.G<\s\+V\P\\*T<\\ރP!\Z\*T:h\\\8f\\fҥJ*F,&\E\\\땰آ^)RJ,-\,[c\9\zRKjFv\Y\\m[ŵl*L0\tu,e\0\?=v{E\1\y\Z>\ͯǧՋ\n\p\t/fO\\$gիVZj-_d\\;\2fA瞗0\\ox[{^\n\(\Gf}nyN>x\b! *$7˲co4\~\ZG\0\0zRڶF&X\\'\860\QT\M-&N\CP\\0ۈ\i\\\iq\>\▎Q\\1@(ڄ`\\\\~G8\\Z{K\SgG%{,\@2\[w\(hxs\mٞ|\OdS\9vݍ\\[Ӏoi\m9<\E\'k\H\|r{;\\YZH]j\\jիV\ի|\n00>,+.R<\\"޷+VZ\bA1@*T9\g\춏\?\"_܌Ǎ)QJ<Rf3l\c[\-\\Pa[{B2uЌ\[}.3\pu\3	g$i\\s\E\Q0\\n⾐`e*7y*\8\\A\qv(2\bO+\\\`,`\\\\v\\4\Z텮\\ݮK\\9≓0l~m\m9]q%J.4\|~Y8ﰆ\\MI9i\3\\Z{I\[AXpa{m{I=v\\0\R\nիVnV\/b\Z|8F$<r-JvDLs/\0ș3\\Ǎ*[Vմ*\cz`\6\!7\ZI{h\\DCˀr$Id]0ueS8[rr[^\66;Pj6ӬS-];\PztDm\{~\\\8\o\9\4[N\gim\éad,m\"F\\X5W\L9q\߽e\09\\\P.\,]\"\\@-k\'A\\\u@12SX\0DǷ\G\[wRF\>ײ><\\J\y\\#tr`L\c-=\µjիVZKVZK\\0cJ0ס;G\ّ7ˑ߀y&`~M6RWW+Mzf\A\.f2Y\#.옻\0?*On\\\\o\0L`yȕ\\y|GJ\\s\'8\et;1aEE}\k{E\S|Z\"\u|#\1r=\0e8[#\gh;4@Dx\0=\rH2[SO\c;Y#\!\\o,\\\\,\0Da\6l]\H\Nh/D,2\\\L~.^\9\0ty#M\iAj \nTR@\\dw\عQl|L\`M\~}\&;;N\ڵjիVZjիV_{;19?\qdُ\r\\"k|\0JAWצ\悪Ύ>\f\}(\Z\\9\A+Z\B/hgۋ?\\	\q68˃\e1\99LǵV\lc#Qm\k:\e7ÇѸ \0h=\"ߢ\5\sq2LgNȎf{9\m2~)#\iMs\	\<\ծ\\\aʳ&Ff\'$X\\܏mоLG7F;E\\A\@S\n%!鬨/kL[.#A\R\;\Zٝ\.\v!r\N%\\n\r<d)1|ߤ\;\fFߋ^βg]	c\\e:2\GijիVZjիVZ[\b=ɘY[\\\%\0/w\,yQ..L\.\`\\`\x\\9\t\\SX)\\\\\&4@F\\S|YMj\s.=4+E\\\sF֒cF\\\6\\0e\\rC\\\\n\.I\ާ\~vja\? \϶(\Ng\Z%iYCm+\'YzD|\\isX\\\ZVDPdTs1oK\) \"\x\'\G w\\7NN/u1;/ݛHǕ\0êc\fǕ\Q<њ,ʅ戰,\0(4\\Y\\\r\n|,Y3֣\\P\\~G\.\-ÙڵjիVZ\j\0\ה\\\\^V\\0SjCml\R\h\i\\\\X#0\\Ǝ&\YD\0	(\}\Lcim1h}Rmc\Nssee2&&\\ѨL!xZ<w3\"\,\nQ}F\O\oT`\y\LL\\܈G\F`\9{y\0\  98DS\8wD\[UBu\'Z\9-\\~^.ՉC%2y \r\I\ CnR\Ac\"\\\rM\ty\Iq\nf2f\#\5\\W$\$m\b$J\\6\\Q\\=\BՓtY\r\'i\2e\|\\Ó\#q\0\"o-D.-Z~Zjo\\\%lz\W\\\MGM.yv.6E\1pg|[6T^\\nM<ǐ;\J\Ax(T\Z~ֻ\0\e\e-6#ywd֛ )ͦF{)fQ6ݠ\Qn\\}S\\'\>f;)ͧ\<\7\r	\\\\	\\0@?ƚ:6\݊+p\åA\J)1˛9\'/\'ŃV\Ȧ?\'~9xwzHx#L5Eφ3aop#tQs	q:\\q9%\\_܍SO+5LL1\i\\06\6ZީQNpwCҦƎRy$Ѣ\\\0\5a\4\Kc?\d\g\GVZj-Z\\h[\|in^V\\EMEM.Y~6,|Vo|\I|!dm\r\\;%0YQ=\\8Y[c:\\[H2\Z@D\\]\#&4/\\lb\M!..q\̵*0-[AZ\Uwh\JM\kz\2#xօ_\e԰9A=7Q\\'枕\\߲\El\S[ \m\\e\ØݳfhY\\F)\Zl3\Kx\\O	`\uϓM\'\yH糲\0*\܍/\nwٗE\\y~\\\G1\'n \r#6n?r?\ZnIJ\uAnYl\k\t\iE\#p?\0\\[ZIe\\\UzZKV\55\0\Ȭ)*OEL*Y\0,|Ir\\\c\r\M5G<\\\\(q[=\>XǸ*\Sc\\ZXB\\n\"o˾X	F@wh]fܣO\\ՠam\4֩?j\!fw\`U	[tU \1[i\kX>\$H\|ȴ]De\\&bwN\=\DR\r\\]\\0]\\\:E\\9*v\T<\f\8#M\\\ֲ12\gc拇#KwoEn<x\\0`=RsM w\>	t]RƗC	+ڋ-\\Ly{i\\r<bGOِ5-?1Dw\{H\B	z:s/\΍\cl9AD81\7te.G+\"\6>\\0\]:vv\\rzߥ\\\h\\\r>=6|?81\\>Tf13Pm5;\۳`)\,c\Z\D	\\c\\H>~ɯ뿵g`́\n\X75\\1mb][V\B峤^U\0j\諠aHM%~+/B\H\_\b\ˏR\7\r\\n\\Tl!noQ\y@բέ}&b,{{ Y\\o|y\l]o&\Z8\e3|\NI;s4\g3&\96\E#\\{X\#\\\`#\%t \/rښ\\\5]3\-uO\3b}\\\\\BC\.\0W}\'0݋\c!:2|MnH\wBFf\Zv\ܨ&\IĚc\\&,EzZ	\0>6>O\O\c\\|:iR\\ҟ!Ș\\r\\\0D\\S<z؊{@@|k+4xϚI3$\\h\\<x\%QRJ\as\f|PGZ\RlTPdE\yARHE/\\r<>?w{do\3\0Oʲ\\\!Kf`#!P6ג\\QEl\\\\\|]*nR\,/z[%Ě\w\\E<sE,6\"CN<mG%\8\ŸF\-;O|x倻n1n\l\\H04\Mv\.\v&X<Ӧ\R\\\\\1!\\{\XD:hPe\\b`m\e\\n\{\y\\\\\\bչ͡3X\Ӡ+\\\\&S3PLPN-?N2`J\\#)\Ԡ\̟#=\SwL\Ç\Z\\1$\~6Y\dt^\\\\\c\0\s\\M\0js6^7PD5\>,\\w\\\\*\~f[!lq5H+\\6\492\(i\@\J^W\\߅Z+-T\bK\\%6rҠP\ԁ*警\P\gki}\hU~2̏d\\c$N$ߏF΢̍푁\iG.~RAAn\^\p\oHG!6\Ќۡ$\ a!\\\\\x%N8/fF\:n\\ױ\\\0\\\D#\\w\,U\ \d\%\\I@8\׎9m!6³]x,\0nuڟ\:Q	n{nFlʦ\q\&\\٦I!q\i\>\\تl\\\ld%5B9v\0\\k\8zf\+\\[߀{L$>\\\/\n\\\	\Xj>\8~\,? \+\Բy\nѡٍի\t^P\0\nj\\r\m\Pj?\r\LyKR\f3d\0̂4\eQ J\C\B\n5\ڣ\﮿\X@\0Aǡ}\0d,\6\s4\R\ϕظZ\s\2\\FV-Pj\t\@\r\yO#Df\wu\\\[|9\=\\\'G\\\!0\gf\2x\\\{I1u\r=\\ԙ.69\n|L|V\"\0v\\_\Ӄ\7\"K\A{vև\'\Z{@\6\=>=\\r|\\O\\0\>IMɋ\d\q\t>Qڠh\XCۿ\Ӻn[ފ\q6ϓCͅc\j\\\"K`4\"z\rQH\f6;+%\y/\\0k4\f\2\"PAaP,きlW]\aw\	Q]\\0C\ Rk\<@+VWn6\\\\\\)2,\f\2\{\\$2V5\® CWdu\RU^O~6UtO\iPR_&4<<<\X:\6]0\Hcdv\r\cjl\\>g\H\"~hk\tqb\{~\\XQ@\Z\\k<\xh@F>y_\\\n\ӟ^\ll\\d\e?g@\푇{Ac\J{\^\\G\i\ג;X\\\0͟4\c!\.7$8zhsp\r\?\\\>\\Zk\\qw/q\p\W\ZCQ\!\Z\rZ\\.Ɛh{S\!ts\# \`;mvB\湛\`2d!􃭴Qj*4y]/ b\P\\\nRa\y,<LOi\dx3+km7}\\i\QJ\}\"*אT^k\G\\mMqbˋ|\\\q\LmGX\0M\\6\\YzLs\\\0\\\2\YkS3\~\\\\\#$4ڒVHބ\\D\v@\0S3\\s\\+KN^+-:VV3\n?\c\yL|{\4?M\\jxӐ{]\ ;Ga\':\\h\h\\\\45+A,\&\b\nToB\\p`;{	L\	5\0\\cUm&,[\ry-!\t$I\\\t(\\f\kZ1vt,\\#O٭cht[A9\8\D|<\\l\2\0\\"i_B#\Ǣ]|Q6\0|@\y\0Qi\\\9M\~8~f{w};U1\eJ\\\!P#:C\n\"E\աg\QJ}n\+\\@\\\\\\ߜmn\p\\C<YP\" 9,733OG\\X׮8\\\0\	^\\sS\xe&\\/C۹\'Τl\0\\\K{\\ed_\\wY\\u.F{0\'wO\\\N |Ɲ$W\l\Q\A5m3WA\\00qu\>\t\qD1E\,Av\0)k|\(~\-\\/{&S᤼ն2U5\\@2h\!aM+a\~vDO3\sX߽\ao\l\\lcsX\1\b	\.ǔ.\'WKwh9n\u\=7\\'Ap\._i\Z\4\l/d\dϊfN5@\\GS\r3LԈ\pMm\Z\\M4\Z\\OHF]\4J\Hx\;[Zl-Gsbd\Ɂ\˂S\...<7(Hװ9dOac1{!\rp\\!̓\'%\=\z/2g\fW7ås&Md\\F\Zw:P\M{_3h8\0c\\7\>1\,Pv)ɬ\\{,d8ΡGsHr#y0\D=\3ݲhcf\_\\\۸vhc\ds=k\1^Eh@1NָC.	\c.r\,頸m\0CuR\\ݑTuI7,Y瑬\0:@\\\x\\BBNV\2\Z\\<٭\A]Q\0>@Ќkg]>\\\>v}Ue\ՀQ\+d,ga>!\1ϛiڜ9m\жX剳\\G\M֑o\YjUJ]W}\IH|]:Ƒ\rھ#Ak<?Ϗ\\f9\̸\9\?2m9\DoԐǓ\2tGFLPkS\?/\'1\\I`ip(\\eܹ\\rpڣ7:)2~3\u\\|\1acE\"֒A\Z)I~\l\\B}w*\0\q\Y\\n]7C\Z\źPƔTL~#z\١9 ~M\\\^{\h\n>NK\U]@MaOijژ\p>Yd+la\p֑t	\\\Ɛ\%hpS*\0ty-\0Jmx(K\_A*\0K6C;\]x\n\ReR\\c\a\l6w29?o@\824\\\nl&7Oy%K\U\C\\ǃ\\il6-vQUH:T\0[[i8$\0k\mZ>y>fK\\0\Z\nG&l\\ʰ0\\f\2\'v̼wO\X~\0^	b\n\|2\ܯ,ݓ;s96c\"A~;\h:v\WȻaܛ\<?L)Բ9\'eԡԀf× |20\\8Y\k\0|\PBm~kll\0v}\\yz@(X\\]\y-5szAƴ)]4&vcv9|\sW\\\i\\'8I+\\G\\C{\ZJ\hFCLGИve\G׋)(x;[A6[Bk`[hh[\Zz\\a\A\\,41\\)\\\\Unl*\Zscɍ1c\\w\0\vhO[\\z\\nO!uH\\]o\\\0\Z]\\vQiT\F@6;4yN\\6\'ǧ\0SL\\>Y^.KIt\\\HpAŕk\\\\\\\88=\'M \\%i^\\\\r)[Mt9\0S_\\S>LX,:S\r$F\\A)!hҢq&	\'G<_\0\9	Q\\	\\Z;/\0 ,Zs-5\"䵱57\(`Ja;@\\\Iջm {_\Z&\Ǹ_Y{vX\\}aO0MT֡?>[\\2\5B݌\\`㻫MIVG\]E\uR\)n\0d\rVmW\!\\%\87$\M\"ĕH̆i\h\z\'\\yN4\L\dF\t\&uA\r$:\H\XUK\\[K\#\\ZUbUh͒-n,Rв\\M\Df\b;-;9\Z\s\\\,\\'/sb\\_\RP{3Ij24{7n\m&7ICN0\'\[õ\\\&L0\?\0[<tb\\d\I$GvF9&)\I\V\d\q\\͍\\\tƻ\I\1]\B9B1界\V_V\:Ϥ\g#XPZ|\Q&GȲi\Y\~\r1ё۱Z\\"v[\!\sdd(q>Oխ@bm\hQ.v㷮\{cQ6Wk@\0HH](\0\0-\\_Dvn[\0Wek\w\/d`_;O\\\\\W\P\\\\>UN\\0>\-\n=A-\\4!x0 E\\k?I\\o\\gӎAXyzkoZ\ˠh\\ۚc\\d%z\Op\\dmR\\\\\\%p\glv~H\\ro63\\=\\ro{i{\98k\\\Z{\x\0?\\{}gxk3x\;\ǲ\\Ѝ\\AHq\|\dl%3>5\h\\x\\=Z[ny^{\\/\\Z<:\\\Yu5\bt6\98Faa0ӥ-2KZ˷5\V	\\\c@j\"(~4\Zz\5\\pAQG)ʹ\Q%m%WKv!\w\\Ȗ\'7\"h2:YM\09\A\\\#m\\n4vR՟\\\HnaD-\C\\\v\=ב{d`\ӑKra8M#kd\-?]\!T\\q\$n?H.&&\sm\a\\\\\0]?\8ql:w\}.M\B\\\$Fl\-C\~^c\0\d8v^|5ö\|oo2WQ\\{l\%\-=\=\r-g\0\~C,#\0\\\\n\0\/.CC\,	V\ӻ0n\'\\\r\s\\FsO<qH)w8ㆺP\v\\Yb\@\:Hx\\Ւ$ub=\\0&6\D\/MH6[N\Z\\ҏq \k!\\~8\lN\`\\4mK\\~KtˎF<(\ZchIQ6\{\x5`-\g\x,r\\.;i\\x\';8\0-4YXXqq\j:.HлM$lkY\\XOc\$\\I̜=oԡ\\ީmi}b\Nō\\\i\\\\4׷\Q0\\Z\Zםۈ\\"\~A<\0\D\7>\0\Z1;_K\0YN\0\";Rx)\7;~\}\\\\0ZF-1Iߒ\X`1\\i}\B\\\\w\\+\\HA5ȯG\\:6m\\\I>QGQkf\o\n\0~ͨ!?0(\H\0\\NI\\\0\?jNM\Z#dzcܦV[Cs%h\$xԃAT\\\Ӧ>\\W؎\q(!D\\h\4\!H\'\0\*U\"n\\0B\0\0\0!1AQaq \"0BR2@b\\#rP3ScC`\\0\0	?\;f\10|ͻ%\\*\/Z\[3\e\\?ތ\\F\BǼ\=\B\D\`\߶\nѦ\HFb\BN\\q{K\[FcY\\vu]R$qn\?ц\\z(+q6}\pՔ[Ebmf\\EbԫVo37\d>ԲB\LW\6-,\\\0\VLbi41\\DP\1\+\,$\F\46qv^\9m\\b\cbx{3if\\\r\Zcɿ=\C1_xv#wqbƵ\\c)+\6\\lV\;/Hz$Fⷼc=ތ\\0\/2V*\'\i>&[1\^\\\dQ59vV\\-)\c?)s$\>#)x\\Л)\\/\b&\BRNB\cE\X\1ܓ\?k)\n\~\KȵMb\l}MN	x\lwo7\;͘\Ġ\#fC\~\4z\\I&Z\;эm\'{|2̍\hbvLx+\w\\Ĩ-\͋\rv\WPDoQ\%dJȨ\\\H,61\o1l\hӐ\%sH~\W^c\\\}ա\%{93\\5\Y1\߾\\gپM:VE\\vD\'\-=TP\k=\\l%\"\\#x!WvD\v8C\"?\)qYԧ\$\OF(Nį̆\\\̫9ě\\!\\r\K\eyթ\6#\\v \~b(Dq\fC\J\z0[\t=\Z_}B\\}\\x%y/1㱋Z?0Ջ4\"7\n\G\ToDř/y/\r\\g\~Qd\rLV\;}̽\۳\Z\J\DQO\z\JkhZ\{\\$hkz)\\M\!\'b,&]E\V\<7!Yf,V\6Fþxw*\{\\g\x\~\{J\B41Y\Zn=\*\jƳ*ŧW\\\\Z;\+1{\so_gh`\\r5\TI\&K\ryN\$\xD4\a\\n\\E_CӰ\H46\д>F^XI	֢\n=\ɖhZމ=FD\~\+;[Y[[q\\X;$h\3\r\Ar{ً{Biod|\adhI\"Nc\ƴ;\"x\\vCӗ\\L	&RHr\\-nd:1̒~zq\]Y2#\ԏT\\N/~\\Fqޚ\`\\1\+)ƊOs\\l~\X\Y9fĜ\j	\̎;ҺN\FKDR 읕\Zɚ{ʌϾ,fSe\\\B%cUĚ27)Z%DHzP3ʮIg	Fώ7\\Z\rm\\p\\".\q\\'TN;\KQKk):myңk\JZC\r\T[\!ۂx\WY<\جr_3=#\xdgTJ\MLpdc\b2d\rSWȃ\\VD&R\țE5.XG\"\\:_,\︚͢+ilV.,x!\7p\\m/C\>vCS<[o2\b%w\'q\\d5Y.\\em\RvmeheX\n|w1{g{%bBV-nE$TW\J23\r\L-(\!*l\Бߑ\"!2Z\\f\ \"ku\+|Q\\bWwNxI~\}lk4e\VI\'N[\<\SY(,cd[1o$D\\F\HJ)ވb\pO膱\Fv7\\WF\\\Dn+#/x\z2\f\"f{[\Ze\i\"aw\+2*k-\+E-W,o3VkI\+ⶢ3\G\2ð\c\E7p\\M=|n\ѕE\\=,m,T\%\YX#+p\37\!IBI\-\.;L5֖\8\,\lV,wd0ߧ!-C\\"ņ;[;\;d;\\SIjģ2\\+#Zq \VIb\OʾcJ\oa\\5\13D\'\\"kS^hjGk\\\/\iBq\r`TkɑS\'(S9cȎ	;\B\r$^\Z[ǭ&l)Mb-\KVHzҖlXm$ҎC\\0ǃ\;$+/t35\Y.,*\\TS\nOIy\=/C\к3Ysİ\\ԺEH\\ɕoHi莅А3䱳\vt\r\P\\(8glܰq![\RMmnN۫q\+J6ܕNM\e=\p7e3#\\Nt|*\Zc\B\<^OK\cǀ\\օ\wb\D\\ʱ|!9q\S\\v;\\I\>ޅиWT\U\\,\\c%z\a\;D\!ћ\urJ\\]|\Y\%2*{Vbj\\\\"Q*NT\+4)Z\afTՒ\=9]\6\\\\\CIs-qf\Y&\J\^WFI\\f\e%bpMA,n\u\-\\}+F\\n0҅]\LZgeq6As[Q~\\V|\oߛ\"\\a6?v]h\B54[JB\"\1!ЩR>efqe\\\\).f[\M\4{*tG\0e4\{P\(\EIT\K2Ț&\$1\"ʫ\֗$vyycn\k\O|\j/z)dXE6ڻ	Z<\rv!<7%}q\n\ڬJ:w\6fЯ%\'\|\"\c\+\\%\\	B#1i\\\\)Ö,\=,\d\J\5Ťv\p\v<7{\\\"ѬLdz%q2\"qcoK$\\Y1E\'\2?4J\ȧ\܄Ѯ\"pog\]\a\\\n\\?k\v\[\DDP!kd*Is!f)y!6X\\Y$KFZ;aw\o6\vڮ;\[t/\N\\\{fLɒֶHR\w\\\љ[\#=\\"0zop\B0-f`IQlYj\ԍ8q;UﲜlՓ\;S\6\\Iud ĝo\O\o&b!^D	v\\\0(F\0C/;$V{Nғ\\\ֽ\n_T?S)LU:h\8aZ\'\\q\85|\n\ri\kEmN\\DԿ\yM\-M,+Y`<MT\\\IDwxH\C\Tz*I\d_ʍ\`\+a\4d\"jS,O\mwb[/`ݒ|м\'ٓ\;L$LL2*\\\w\\XH\TQ\\)Gf\Bq|e	\BnU\\nL=]}	.f\"W=oSn\\\\D-\eZZO1 @^Y_]%(~RzCof|H\\ӽ\\yxj\h&\[[[iP#Z\\%̛\n\L\9\'\9/b>\'(V\#lc\\YZ\Ռs\bZ&q\:\0v\\;r\\V-wzfD\ԋD:_\<}\not`JK=[d\I\\bD8(~Yq#\\\UNПF\\MOh\Sem^h\w\OYZ9}G\\}\\Rl\nQ\E\*\\X\o-\'k]\!iZ0\'&<*yjdRomU\r+mHhF.N\\1`\r\ruc6	swR>\\m\\\}q[\q1[ٞ(\\;>%\"V\\k\{\EJy%/\&\a\0\'\\DZ%aŋ5XD}<\#\Gj\I\d)\\\1IyHЗD7\w\~D.{U.F[߀y\;\z\Zkc-\˞\\1EZ^mhTVkq\\\km\]$䇍+F\k~嫍j\j3`YF[L-[\}zքn\Z{#g\'x\C\Ю$&\xqgk+\>2v-v\\M\c\1|b!&S!\$}41\LoDćIt)K̔7\k򚾣_5\?\"}II:W2I_$\$}\EkoȒ\\rE\"\r\z}HH\kt)TN1\\;R\0i%+\.֫w\}\\э+z\\p6bjbR+Ye!$=\+qo{\x\Z\<R\B\\;\\'g.x\NR|]\!wc$=(v*Ǣ>WB1\%\\$\z#1\"\ȋ\b\̏\d*Aܛ(\\\E\^\}	1è\2\\B<\\'\\|\R#ՔQB%\Zʤ\b\n73y</o-\\ri6n\\c	Z\p$%\RwMl0hVyY\\\E^+?.Eu\ca>(?~\\>\\i!E\'\\TDQ8\D^>RR-\\ي\S)wIrGjkNغ3R|\N4Y\\lShmWVJgԪG]oSQ\\dURD\\QĒ\SN\nBP\\&/\\n-\d\\ϛ3<\\X\DTT,hm\=\\\'x\lU\C^Ш<kG{-\\U+.-\\.\ZB\`n٬%6DXVVȄ_4F+\#O=\Z23Y\\'1\r_\^p%JR;+_\vg\2_\Ė1c҄!zu-\\5MQH\ޝ#\"/\Iy*.H\%\0#WЂ)\":\nƷR^AQuɕ\'\BJJ⨼\\4:\I|q%嫁Ќ?#+z?ةV\*\\"P|s|\OUu*\\s\"ћi?3lz4\'Y>lKQ<1_fKa\k\\f`\Z&S⪋\\Dvw7ZR\\(\͝rн4J܉\"w!s\"\U\ۓQQTd.;G\hM$6=D{eDKC!Е\"4\K\R3򐪞\9+[\MR)re$6B]3\*W\gi}]2c\A)\Jlߛ(OBмit\\\\B/}\;Nώ\7T*>SD!\4CH\4z\F\\R\\UHlw\\0n?Q\[\폅s#t\=\85a\$;\\Ԛ2>\vZ>b%\\D6IL\\d_F&\"\\B^6I\9t)r\\~܏AȐ\Z,%Њ\\0u\9\\C(!It)ۨVk~bU?1R\0$I\ȫ!\)\0\٩K\KGbVv8fvE\\\Z\0\;4\0i\\]v릾I[Wo|Z\a\5*(\\L\pڻ3\MtI7M~\ϕVR\X\"\\}\'N/\0Og,ūf\fY3o\0f+\׃1{ki(\\]\܇*\=N̟?؜i-\_ZRok*z\r1zԉR\"\"E\nE\إ\V\m+s\DKJqh]\k5^l1M\?R\\5\M^\RIz\Ry._DZH\2\v\\~jX?r2G\ߙ\n/\i;:gfggFvy&FK\_~E!.WC%o\Tb}I\Ì61B\0-¯7\\;\\E\\K[\Poݽ\n+\r\^KD&I$1cv\6\)\\}\Xa\]GQ\\\\\T\\ZJ\Ez8l\\\l\\|\ncs\]N\Oxr^;#/mm\WǛ;U5^gh\\r\W\\\m\\V\\;M\'\\h.L\T\dvt幫#]!SGh\e*j\}\2\5kaԄm\\0Ӳ!~\Z5\P\\Y{\\+F!Ք+\R\0\N\5^LSJ\0)t?BDBo7НϡWЪU*R3;L\03;D\ZHz#\TB\0QJ4J\\0_\\q\^)\R\ZÝ\YSm\m#NĝgJj\LR\\à\9]\"rD\7Ш\'\O\c\\'~d_^\rņņ\Z{G)\\0E*\\0݅*\{켲;7jz_oGe\<2;\ry]d\,\0\\\{\?\\|_٧\gԥ*o\qD-\0\k?;\Z\<J\|I/2&\¢Jˁ\\\K+2S\սʰNԔP\;eQE5Ȥ\\)(\\&nSB\\\%w;\*)Ũ!}%\N<IY\4UQeZ*k\O+tnN3W/NajQR-A\t\\wX$\;gbrv\Li\,}Hc]L|\F1\\"Ul-}WwbF\r1\S{k\\'W[rīU_ڜmYM\'[F=4Q!%\}\\1#\\r*y<QJ\\T\_\'\'_/\"^\Rklwka;D\{Bz1\\\V؊Ve\o,o;.эRs׽\n%5Y)o)JtU׋\"c\pJoo\0r;\r\cU\,\\N\n&D۶3xs=Vc:SkV:\j7gpҧt\\kub\e尞VϠo>(E\+N\ުS\\)uw\^x\9d\aw&\Ce|\\\gg(\\XygI\%M;}\\Q2{Cmd\}vwm\bJKci\K_{)*\\Z\5IM#/\)ט\YD)\"JQ 7H?&\2\Sḵ%D\\'\j\\oGgKV[\k\{6,Ա\'ؒ]\\r1<\\j=	F{\\k\H(Sv\Oh\\f;#o\0\),\;D1;DzJ$\\\S	/1>\Gԁ9B[\n̳o\q6\\I\`\g\[4.끫go1㐗\rȞ;\jf\t(5\'\j+q*Z`V\58n\\\*<sô\\\{[\V\<l\5k\y~/;EMm#N\\v\\\\W\{\\é\\'+\T|\\ҳ;EM_\eI[Ris.NQ\\\\\<,;.\˺\<\gM\/[]9[ƥu{\\HCy(\"XRr\N]I˩9*Ow\&_Թ\llll%\?\\#OЅ\'\RУHH\\L\\\\;$p\v_٭~Gfx(\yv\Eu}\\qhr=\"s\rоC\{%{<]\\0\K˻\oB\0і:W}y_q{\\d\\lzq\Zqh}\D>\wF\\\]\3ݥ\\>\E\&I\"\?\+Z]0qܻ\\Zl]\+-\ǋ1{i\Ϻ>\LyiÐ\\\ȢIHK&?H\}\A\[\tc\hh\\ח$yL\\\X\/&`H\\\ZҺ\G]cLȵ\ܒ#)\Z\JOW\0N\";.3o\G|V\\32<-Zgw\s#}!h\aXĞSV\\eGߞ%(ː\\wĂ.2lb\\\"\}Jj͚.\ǋ\\{\jZߵ[7Fo#FoC\ya!#,7䏵\Cƶ\ryb6S\W\r	\f7\\\ٴY7\H\024Ec\v\\0A\oy&Q~E\\XbT\t\(c>A_\J\t\J/Q\\g\\Z\\jD_\\o2mE-\\r\k\\}~\"\\-TLuw|O\vGY\K}\\쏲\9\\f/\"=t+fd?SK\b\wk(4ؔgԋY^\Oc$9RȦ\*\[\#h\ITkĝ\0c<\\ae\0F{2\hVW\&\v_f\%U?,\y\W+y}4$\\CV\\0*mGgU?7\0ߖ?~\4H\$!\n\+~\'\e\Ԩ^۴3!?\Y.\\x1L~Z>\\N817NXN;\V[LLV\.\Ù$\|7\ɔ\l/lzu%د4AwD\\ˁy%8w\\\f?i]\X5\\vJۈ={ᩁ_\&\,\\\HTy\\6\bTM\O+c㴏Վ\CȎ\\\W\[\ͮˏ)qy\&\\"bO\\":v\\!\=\鉷Є\rK\\]Ggڞ\\Q^2/h\xO<Tja$S\\\r8\XB\F\r\r\\{a4;\,\JIn\K#}\}Q=I?ښw׊\\Rm+\G쭋9\ۼz\]g	\ZDZ\\sE)E\n\;Dj$\S?#\Km\w;SO\xRjz\eKa{Kn{\\oko\'geu\]UܦSj>R|\0r\\&\0$\xK\\c\.\\+p\"9\c.\\KbŮe\~ \͙^\ᵘ$bg,X̌3=\B֌h\/\\\\%kS{?TKZ6g\Ck\vKa\I+f`ĔN82w\Rz\8m)\s}	Ex?*rkfwx\Z\n/}b9ab\+zl?hk9*/eV+\\'g\\\\\\W$\GETOm<\ɒ\yZx4q5mo\x^\x;\3i\%8MXt]\Zh\(>d\)\Y\\>K\#\r+G\\\\)\\\e\M>\2-з\\Y\CG\+h\Nfz\B\X1ڈ\0M`0Yr2bc~M.;3\VQ\K\\r\oX\BT\̱5NO\C>II\qVٿة\"\rO*a7\GS#	=\LJ\+~\>\EJtFW^\0\~;\0%H\n\mW\\*cre\\K\\r3\;oLg`vm)¼Sp;;	+\_*.*\\\1һ\|?rX|E?Cq#W%\7q\G\66\'\B\a\\>VQVH\~,4>\w\CLx\V\6\#\\rE\'I`cNǏw\n\z\~b)1^-y2z_\\\'\\^\{\S7\0,\f\ǙN{Z=\+\\M_;<\C_<cQk%J\n)%}\3Fo|t\\\\SM\i䃌x\Z\huЦF=I=\\,Kdݯ9r\-eȧ*mJ\,\u\\_\\M>ޱ_tZp\r\\\\G὎\\\áIl%\c\1\~dr\}G\v}s\8l.7hS9bm0/\g\^\\\"7lGv[Vc+][\E\7\{\w{ǉ+i\B\\"f3JX2Vi\Nc5~Y~Z>h\Av2CV5\,ER\\nSoR\Q|QR[\\[\\v7̬\X.%/S꽗xD}wTS\\7t\\(\QU?7ԗ\<Ş\X\»!Չ<B6\Rr%\Yn\\\j\G\(\t \qwY\+G\YՇ\\Z	\\{#\\/6CԇQ\"\\\Xhi\(\)=\\oQVX%s\e<O;\\\\;ԥ5\X?\^\\0$s\\{\!\CЭ\$.\Rɯ1:\\CZk\eG\Z$\ੲk/w\D\Z\\*\\?Щ_&\7\;d|\4\h4C\\k;B|//ِr߭_̽<Dh\-h\"+-ǡ;OjB̲O\.-\\n\yW\\P\;C?\k%.\9dd\(Ĵk\YY\|\">\R[\]\;G{\"\\-\#\hp&,r%\OE EP\<V/AcS\Gڞ%3x}\#\\,=Wu\{ax\Z7!x^|\J\=\\!i]\G!b-J<R\nP\Vh\Qk[\<\)\\/4\\\[Um\ʸ_T{\%O\q|\v\A_bx\"v\WV)\4S\aXTږi\\6Gu\nK\0\t{|6N\noeDשZp[X\ʖ>LwK[;.bXlf[k\"[l?탊E\d\'Ox\Wyм?`Es+sDuYc\\\Ké-Xg%\,\\-g.9\ld\'\'Ŕ\8\T\6j?+\Ê\T^H\dCk\ċe:|Zq{	c7VBY\E+fzPz10\{^>\nzі,\Z\>\\?\,\\5rX\c1ZP\%f(kyj57|/)R\5J7R3[V\EE\\],P\\:Y۸\\}J\)J-d?\\VE\;\O>)\vhN\Z\?\n֏B\3Vm\XG\^\'f18_mĲf-\c-\V4ݚ\'ui\`\2{QRP\UuJr=H\"q<\nm{?i/×RZ܈91\.UnB}\F\ʑKv%7\\>l͖Dd\B\"$5\Ɵ\\\\CV\]\rт1rfŰ\E\\=,\-4\w\\3[\\	\JPh\<v7\\q.\'b\(\\c\0\\̧SU\R!\zQޏhEn-xzQ~\<\(u\\bX\$\/6U\\\l1n\\nO1^[\gh\\`\-\.\R/Yi\{Քڲ&\dq~L\\լ6\\[\nφ\_W5lh\cD:2\X\"\Z\\Н7u\Qް/hQ\"Mk\E\%\!\\"7o\v[\K\o\^\\\{s\Zߒ(ߛ!N6izLO͞\!\ĺd\}zT̛\E\J\Ȥor\Y($Ir6\,#\l^e\"\\BEy9\\ ^9~NO\Ǹ\\\6\K\ǘ[F+\C^\]\Ƴ\\z\ҥ=\\0\%񥇚$/{:\\\[Vhv\,\b|\ɗQ\\\V+S\ʑ*E\ٶ»[\%5j\)Sol6y\[r_T\\Ftg͸2)\}h1Gg5\V\f;K\G\2|X,\{\\,\x\yjYYZ<vp(\'/2\N>c\RV\#v=^H\m\0خ\D7\A\|r ؊\r|\n\\\"3bĊ^D#2\b\14]U[\Yf\\VV܈ޥlDF\19\r\\VҌL4hhcEm`ӿ $F\u\q,o\Z\$`hx\_JЈ\\:<W\yIVI]\\ߦ\M\wL\\Q]P\^\`\nhW\!Iy]\\"|H4\06T\\s&[O\\\Ȩ\,\S\Q\rx?xJEV̩|\%b\{%O&MWQ\5gb\\~Τ\klq\^W\\\l]\zhMKf<dۊ\7\ȗnv\ևWoiOr/m\\"V\AH\\\/ʅ9\Z\\\57\>\'\\b\z1^\MՂ2ٱ-\.X\\\F\\n\!Y%dfF-cm\\C7FZVJЛ\\\\Mx\\\0$ҜNi\[7=\]K\_wѳz1\;1\r,w,}Ga\J\Li\5J+~	F[\Vm_/eU-\=\\C++F2\\T\\ȝ\\\\\VB|+B˔\yɲQdi\XSȃ\(\\\Jޥe5\Y5YCAw\\\0\(\cDWhFkvy|$cq\kpĨoSo!j\k\O7mEKy{\if,wJ\0*<܋8l\\2edmd\"\B>d\L!\d1\\Ezt;o/\Rt\\ܼƗ6cR>[4䑒п/Br\:Y+\WL\G\\X\Gi_gOj-\m+J\a\d1\q&\8\ȜC\KĿrn\?ROsXN\Kx5\d?aQnȏg\N\led#uefR\r^e9_B/n(˖h.f,=Y\#\posẒVO°\	\+\ʊ\?ܗ{\+\?ĝ\\:R\IUN\\G\\0D\W\\\e\\`yMuBՎO}\AK&\?6e}앉6˶.\$`$jC\őOYeOW\/\.|S\`\;\nl`c-Fb\B\~4\;+!\'R\\]6խml\\kBKZ2r\J+oz\+x^6&v_`\\\1a\\e\\T\FU(|\\0IBkg\\\K\K\HoBRMYIѩcNQ_2G\T|\Fo.\;Mv4PZ(4\C\ݍ\\d\\\;)pꊋ\)\\AMt*j=\QOzVgl_\\'(4\J`,\݃BW\-n\ʶR\y\7$7\H\")o\'~Z\\\.\=	$\Z0Wm	l\8\xi\orM֫\wVv\b/Aid~#̾:1cc\C\\6&\f\(ޕO[o\\\\\\\ݓ,\	;}Vl\c<̌<=*\у1к<\\(\,/2T\vo\ruMI<\%(-,2\|\͒\I\q~HiJ=\\wGf\	Inj\w_\*\$\\\\Ԟ(O\rOQE1KūGgДo7\]?\"el\\\2/%eQ/x2-\H\nD\_i.\\Eg,\M\n؇au$\"v+!\\\.&<t`d<lJN0~7\\F\\זj\^lƜ<S\f\2>DqєM\\Z:\)Vag\f5,,\cE٧|\nt\H\UZ\\\0GW)$\Cք\\&[+&nYܻ\n\Ǚr\3)\p\\Rr\Fגʎ2_\0M\ռY?gQ\x\'ɗ\1w5RJ\E\\\nV\eE\',ʗ[F+\"5\1Kы\QJK3Sv`vW\&З_*qYt+K\HfQp[\'\W\ϩR(nkɕ]\-Z\bs\q݉RIq,Z\&\"\$6DnDirљ	+\0\W_gR|H\0V~\.J9I\'2%krмO!\rhZ\\V\[F\\ړK<\QVM9?y9+\\3V46E\0:0v\qt\$7V0Qb!w\Z%\\r\ù$\\\\F\%o!{jK\\rd%;k#\\_Y嬉\i\$7D_+q4 \ŊԈ맷\"RIl%8y\\\\$T$`j\{\<}Ju\ح+QqNi)~\\\\Rdu\e\b\D\AEqЮ#wba6\\u\dJz,h^M\oMkN\\\\\b\l\E*^\'u؅s4mFrч3!\E\c\X\s!e\1՚\T^\f\6\l\O!+\٫\\0\M|N\yaZX=\/q\>\\Fz\aù\":6mG[\\jcTj|x\Qg?ة(\b{U󯴼#V<6f/xN5̔W\\`\GA\(\)\"\\\My\"-n\\8k&\}X\r5\V{L\\R\\=\"64Qq[ԮT\b\\w\_4q*62\"\W\\"IpCёs4A!ؓoĺc͌\1Rq\&y\j\.\Z_\,x\B׊o{,[b\Kl\{41J0\ǥ=/\r1^ޒ\-I/=D\x_YЩt.<j\e!HJ/k-+5<ze\zHǎ\r\?oO\NK\ȜwkQ{7OjA\\:\nP{\>ʢڲBW7J{\BሔX/\XId^\:R;.\gsU\kPhd)\nj̡\̿vj{\\YR8Iŧ\6%JܤS\\"28\PqO\z\\\0\\Z\\q(|G\do\VDdU==\f{пOqwZ[➭+,\\\aI,\\\_\mfc\\X=C\+\{\ӸٴDR[\lޅ^RO4\kSք\acS	\\f$,\#̒\i\b;iqF\">\f/R\p>*\X\*x>xnLN\\0cCU\\\\0	*5k`2+\\YҞ\ޱL׼I\\;=\}tM\*I>eK)~E8\r(B-콮B6\Gk\0\L\tުX4\e`\0\Bǎ$/3X^\1\;#+\<#lFon嵐a\7\\'dwpX\b\\[\Z\]t3;\vҳ\n#<\䮔t\(5\\jj\\[?`\ո\"RMY^)O<U߻t3\\C\\b!\r\xp\Z?\0/❷\k\C\\yo<W&Mk\\Vgjne\L݆\Ibx<\\\n\>i\ryk\E6\ʶ\Ǯ{6NI\L\^fB%\$\mEqX~du\gb,mÐ\ű\%\9:t\g\\\R\Z\\z\C\y6+6\J\\M/%#]\\w0\1n씶?3R\\\\n7eV\[Q]>\zV\O\gqz\2\Ʒ\Y0fCcюQLv\2B\y\G)\&\\K;Żh\O\\_y\5庥\=\E:o&q{\ɥ\\rө\1y8s2mޙ4E>e,vv\\(_d|\){EE\qZ7Nf\ތ<\&\]\7\\0\\\O\\\t7h\3ͣw\\ѹ\\B1o툒I\5fvxp\&\9hW\`bEtѻ\\\0(\0\0\0\0!1AQaq\\ 0\\0\0?Y\rr؃\n` B\;a%X`Yk;sR%c\D^e;G	 \\1f 1Qszbhu(\\\r ۤw)\@d\\Z5,\yA.n8\)YE\.n;aJ\\7j,JĢf#,7\nA\Z\X.\;G+\r\ZE4q(*Ϙ2\ȡYc\\ck\&z@e:\\m\D\f-\\1@\2	%5iNeB\uL\0j?*?mWp-c\r\\Vq\jJ\f<I[\/mZ3ui,w\dE1D\M)@\r\ x˱D\\'t\`0h\MPͷQܑ\p]\f\ĭ؆9Ae\\Zpʂc&\n\\nN`t\Y)\&J=;u\aU\Z\'YQr4*$a\K2\!Xn\u@os-L\$\rzn	\yXv.\aE50V:;\Q\(\\bq1\ \8 \]rF\<\\g`=\0AHma\Ĵ\<\ry\n[r\Sp\\nm1r\p#k@@I!TJ%.0(Qd \"*+y\\\v\D?\i˲;\![Qʄ	\!\V\Q\n:\QmID@\fOPA\rH\F\\r\YP^afl\\O=1*nTc8|ps0q2f6k;bG7:wp\\,\j-+ \fdT\0\%#2\j;;\6\\\0Pف[Av\.\kZJ`\:S)9\6W\\)̅ٟv\%en(aQ\sgQZfAj\0-\n\0j64gE\`1\P/An 0hbC1ނR!\r+\FL\\7(\V2h%	\!Q(wibFe(Lfe\W/X(@,()\ÈeL1[)^\<PUiĹ@wԬ\rY\n\ĥ1-\~`\%\N1w,n\PSк\Ni\\WxJXZ\<\n6!\\̔\\$\*BKSTf$Q-~!M\LOL`7\ \5%\0!\*=\/xrsA|]\[R\`⡵e\0~UTۖ\0\Wf&-\	H\8U\F]̉}\\fVZ\"?1\r\l\\\X,V/Z\A5\0\\d%İ\6c3RX6FfE\"q\JYREXL\AA3&`\,)d\@&\]\Ø\wXf,I\Px\hA܎Z\ZNx\10\c1j\:c\#$\Z\!zCp4\n@J$)n\#\%$ȳ=%2X\6Fyh}!\Lgi;T&^z\qV(ul3\{{W+\0\^\KkD\\LZCWGCDRK$tv\T\"Ptui\\\\3\0E\Bf,\{\F\a`S#,YKq/qEc0k\0g\\"*,cX	0Fb$\)\03\#h9(1=ê%g0XHn$s\08b\rK\\\V9\1\v\d4\жf*\u&Ȉ0\\)49=%\\V3\0\B0\1y\\UX\)D͠D\\(F\\\elYGh\\c\Ax)}pC#i.ee$+\j\r\\ڂ\0\U\B\F\tq-3z`is\Z0\Z2$4f\ j-.\& JlWL@*MD\j\Rp).(\';V,`qX<S5A0).\-\ZB5BF*%F1\c*\Rl3\MQ\Y	\\\"\392&\\fG\0bF\\\\'!(h\"E:D*N3;%bR\눐%\q,a\"^Q3orUp%`S\Z`\\zDY6Ks;bPSvl*w T\H\`:0Fb\r[\ ҭ\\"kq9e\0#+[G4\\n\,\\\\A\\09]\vRh\\J`p|3!۸-9R\w8\:\_\\\09`5\K-\\QSY!\n\l\/tb8&\e_310R\\Zf\̴\w\\\08J;5\\V\`0Bʑ\0\!\bډrԝ\"Te>ca\H\-M\0N%/)\w\B0%6\bIGY䩋e\ p\r)	cvD\\Ne\\Άf\rx OB`b-}^!9	\ -Ӽ\"\ \&M&_(\ZTd#J\Gҗ,`9`^l\ny\؂rLX0\\\\s\\\R\\SkyKWx\"`ᒜ\)\n\Z\N+\.\r/C\U\	z\\Bip\Z*\eu\D+l\\n%5L	@V0m,\\T\sJ@6gZ@\\\\\\ng̡v%/\!#[2[\fU\0&6XJn:[\rB6(\]J֠<Nzq\"Yġ~\oa\\\EH\\gL\a\\ `J\Ͳ&Ns@&s\ɴTQH\ؒ\\\\a(\\apR\0\QVl*\'H\	ىf\p\1\κؐl\@\[Mf \\\"%\m\"cL%f\\\D\Q();K\B\",5,\(\x\n,ķ0\Ju\\n\}F \e]\e\\"\岰mn\C\0 #kw[X*\\5T\CJ\U\C%WX5)Ϊ)E\0\tTZ\\"١IApP\ŕ\\.st\%RKԀ\ZfG2CN;&\u\2\>Wܤ.	Kvb:\Xl\ \Zr@S\X͓\ǭJb0\@\Wx\\\Ƣ\ZFd13C9̈K2i -\Hp}̈<a\\Zs\"\+ݜ\6\0\n&P!.\nRY:D[\H\r8hX\p\q˖>2\#DQZ>YAu\KH\VjzW.\Tz		\\0=\e&`O7\0*\'p%\\	1pzf\FPۙIc%\\1x \^%p\D\TS\^b\\`\,-Qٰe\=dU\\X+\PX\\0)A^,F\\\@H\Y	\bPDFfULe-\KTQ\A\\0)̥<A4ʻtJT\\Zn)\\\]\^k1L\\U\"7Dr3gyG}\ف\E[e\rC,\2\3)\*	vB\I-r@2\HIqu⠋\')z\҂CIT\\Ȁ@LK5\;P2Æ\*\01v\#[I1*pF\\\D:]b+Q\b*\\\"FV屷xA\Yj *\#G\Z\"\x(\bR\X\HZ\slބ%BW\i2b\\F-\\KEL\0Qc\\8[\0\"@\r\^rL\	RB\Z\\0d8eܣ\0f\\n\ny\0\j\n\de\̈́ʖF\%\\t\&@-1]ʗU1kƨ\*\!j\\q\^2D]-D\\\H\(\-9!Eܧl\\\\TBsru\\ \n\9\	bo0\}BZ \O82t.l!RZ3\0!	\_a\b\\X\nn\rme2\0Qmr\tk\kl\"\X!kS\0@<J/\Z \*^{T}\@tn)\-\ʄ\0Ɛt%\IQ0TB\\"\\'nS\0M|A\)2wTxD\\z\H]L\%h8@\Pds#\\\)\/pdD\\rr`e\%S\"{JSe) TҸ<\\\\؆.$Ƣ=HQEF\0 1r\tЧD\\17*ghYUV\r͐e\{q)Bm-\\!i8Z\0\@\b*tx&j9T\lF\0	BZJ\\\\0FqI\\ƍE^G. qI^\w\^\`J\\\5/\ΌIua*b\EHDF@\ȃmбH\s,b%KU*w\06\\\b\0>b \#F\d$\Zc9*3D6\"J,5=%\\0=3S=t\r\gWp1Q_(@\Uw\6\ވ&@7c\\A\ob\̠\h\\LR\b\<#Q\ \rA2\Ї$`\\\\\8&lfCK\}h3\*	M\(6\!F@b`\*`0]\0YrXh\3\h&5\Y\MEJbXdH&n\	\\\n@X\n\rDZx:\v\\0q\Zq\;B\(\\\1\3\n.\\6\)\	2D,$d\2!\Z38%\\\\ai@L4ŔDx\Yx\>\#\\ 7QE̬SbŲ\\G@|\F$%\R\̳	9H\0\&aU{\OU\:*@p-*rZ1gHe:=\U\nzFx\_\XyZ\n\\n23n0E\\!\kpw%``j%V\yF\Qn:RA\C.k_2Dʫ\,Ig)R\Zr-RuPJ*\",\O2K+0c̩l,乥\G\W3\Ar!\\ki\\9UFUr͗ ),ʪ\"b,\\rFL\0X\\,\d*8n湨b8\+0F\@ )\"i\\JG.jS\rFH#\0.ٗ3C.!\\m,\(\f\L@E1a\\\$%ՂPO[\\\dh\'#9%OBWu2A/8a\\h!uW\b\3qcj\2Z}\xMM\'r7\\y&?i@H\^5z\Ł\\=4 \ň\rI\&Q\|خ\L hu\ipdђų)zQ6-F[j\3N\|P&m\yCKÕ\fM؛va2JOq\b\e:(\Xl3\\:Ma\"ِbQ\rJXk\1LGM%1+o\\!\99\\%jb_\Z\\NJ<J*\QU\\\Z\+l*h1\P9%:ٴ\ƓF\X\BJ!Yq\ZDN\Q\!\'C\w-<D-Jz\\ښA\0,\,,Yb\5F}\kp\Eג婛\Z*\Ըc\E?\tK#\N\Ë\n8\Hr	5\\K70o7÷n\E=0\R\\0\Y\6\0,\0\\\0hnb\,iRE\-7mdE.9P:Wr%eFaW4@\\"L\6ʵ0-c\\fP!	i\0R\0}ĉ,],`\J\n\\\B^*0P(n(\@;\bt8#rJ%ZmcYj~3	\4#0\"\n\Ʀ6DBfTP[D\`b\.tĊgE\0&L\\#D\Ø\uLO	oD\Z\\\CI^\U\N\$\1-A\?C9J6/ۈ9\0&\\RZH\\\\TT\1e\שď\0\nrXz#B\\\Eu\"\.99v@&K#\0w#fPz,^	a#Ħ;:7XۖtA\1rЊ\Iy\]Q5(@\/z\x-\a@r\\n\0P@[)R%f`1B\	x\\ebUA\ʛ)(htaD.\:lx֏Uh5UiP\+om\-B\0\\cr\e\(<\\Nih\s\7QC\\eRs\r*\0 h\\)=\r8-P&lr\UÈj$9b\YADR̵r\^R\UtӘ1\\yc-e\f]\\0\Iٍ\J\0;A6UCA\<s2ܭjwg\\j̺2\\04Ce\\\ZP3WD`u[\0Nש\>Pz\\r\w\"<\4\Z\uSr4ǉ\ZU\{uN\@\\$J0k\̮[\r))DKp\S+\FD\{_p9\{1gxqi\}\EpW\\"\^8d\\.`g#\(\oHFs49E\\cY\"ΌIf #-\eMfaJ^,SL.Rq\J2G\\Y\xtR\7B\,4\*\U\2݌D\\$\Z@B:\jya荍ePGbPCr+\\\Z5&HJkz\\\kVT3Z\\.Dif8XXK.A\oǡj`\\n\\E8gE\Qܙ\{[\ WSPb2\0;\EjjT=ڢ\RP8F%g؜,TE|D\\\\\'5-!z\\r;e)F\\鸞e\\0\QD{\m0L\<Di\of-4P\DZOUSIlN\䈗MTO$Z}J\{XW\\\0\Z\D\\Ťtރ`z%\)\P>\&̰Aj6X>\"jٙ:LbsL\p\g\7C\L\P]/r\\\;\7\pqHWAw+e*Q\M#1w#K\:\\\鸵A\1hle\\0sR\zI@\\)@v.J\\\SSipV5\j5\H\\c\9\\Z5P\Y`C\*\0n\[#B\N5\a\Њ\D\dQ\"<\"\rFM!\;ͩ.d`\)A<K-\$\"@>a]\\0kk\\N<D\81]ble\J\\6xK\Z7\ 秔(@^\;\pꬲ\k\\\\}K\}[yK%V.t3D,(\v\vBx\$k\Q\aC:\HT\tBaE	\TG~N/q՗g\rQ\f_Y\'<;JܻR\V̷4>eD\.Xi7\0QgTYg @9c*\l!=@\2=.-C&3PwgD\\I5(6䘅\gsX\!l\T\3bE=Pز!H\u9LPv)\6\<pJTC\d9u\08\\\".\ UU5\\\Q;Bқ\\Һr\\$\\\\6\\n\\\n\Naڅ\rQUc$j\c]u\Z}b4KWD\8\\d/\4_aAλbsE\Z\.<fZ\R`\\̮s\\d\cqnDf\BY\n\E\HueN\^\h\nr@3\0(*\#iv֡lu\r\\/\C/<\ M\TObZ\0n8b\W\q\"\6**To)\vGl\X~bF\(2W\|Zo\6׮U3\\6l\MS\\0TM9̚|c\5\n8PV3	o\\0E;0)GqN̥DK\,\"(eQQ\0hC?e\F]\)Wr\\\AÈc0S:\BZ@p\Fv 3\*Yn\ZN7@\1/Ѓ{Z(\\L_E?QN!GòYH.oqT)\vXmqeF \\Ka|\rˍ+TJ/\T\Z\\!٤7wBYN|\aPSh\-\nH\T͋\e\Lī*@z	rCPέ\H\8PR&Up\LX!m\\GOHEi\9\l%w\"\\WvV[<A\\Z\qS$\żƸ\Ҟ.\i^\-\1\]` \~s(\ZP~)h|v \.\oV)\D\%\pKt\\\\\0u\r\\"\X&\\\rf~	t3@zpܨ/\0\\D\\(+\y/L`\0\2\/)q\%51L+G#Oz\"9t\\`P8KPdΚ+AL\\HUt	q \A>KŎ\\!c2컏Hz\n \\A\ԞRE\p:\3j\"\\m]V\GM\\?=^`4`r1SaRb\naHRf-\Y[d\[N(CԒ\݉j\2a9a\+% E\E\Z\[ǌAn\`8dIoWt߃̨Un\1\|F\%Pٽ\<h@P\H\"ܧ$\\n\n\sx%K>s2\C6/\V\"诤\` Ej[dƋ:QJ\&͚DV\S\r\\M߁\p\7e\\a\B/\\\\\F\\U\NTO(\kc6\,\Y\.lzS\樝\\r@.*կ9H?G?)Uc\iF\rϜ\\DxWBa>C2\\r\w>>YRvC8E)W-8PIM\\5\ȿ\;I\q`Ĥ/H\\> \䝀Լl+\#UhJ\'5#\ \\\"#阖(\uF	1,7f\҉\".Ka\T«\nq\nƺ\$P(!n&k\-z\(\=\%uf|P\q\r/p!Qe*\'?\\\bmK9\\,,f%D=ZĊ7\\*F\rd,au\x\tiPb\\=e!)\4en$!O8 v#w	\;A\)<4c7JֱPj%ŀj\b)C~ k!\\FW\DR	E\\?-]\6y&Z\u?#.ߋ&å\g\+k\Z8daNYg^y\\*q)\0\J\rlR<\a\%; ?\'DAp\'kݩykJ \ZW&d?\_\0$H|W\^c\\ө\F!\\¡q0\O\\\D\0J\\ȩ\RJPz#)P\G2\0BL\\0`\\e\nȫ\\9P\(=\Ю*}\q\~`=t\0eXd\\\\R0yl\w`ݽ \9dn\ZI\`W; \v\d\\\\}a2`\#(*5êZj	eqe\C\9\\$`\"tuPoĤ\K#_@T({B\0/27	0\0UE\\9\\\1/\d\\\\B藮\fk撴,jnbwn02í\$RJ\r\(\0ee,8I}\0ź\Ȟ>\\Ba\\\\\=\>Դ9\]:ܳ\vr\Z%<MxJ\y\)\]\\"\ܯ?\W\'=#\a%DD*\rf\\-\=\\kd.0V\xb\\e9xoq\7X\\Z}OiKE%\h(\엯\^\\\Ee십\Sx\c.\چ(3.IMw\Q\D\\;`tO\"G$-递\ɹj\0Ȟ\\ng4\\"\̘b\\u\P!)\%\\+Dd\\h \Ju:4nFI ]u\\\"p\|@֞|\n4\R+3-}ʬU6V\^\,U\\Zn/ygz8TlH8\dQ	\[\\`R\=m\xQ\\:k-	\Y\߈^\5\@Y\n{mWp!DD	\Pm6LO\,,6\j\'\җ\g\T{\G3\KW\r\\d\t#4\N\CHHĉ1\\\*\ZQC\EtO,U\#O\_lO-\uͶ\DA\~\\l/o\\"\,Ġy@\\\\.Mr{?\X\\8\'߅A>\⛪Jaf*~Lpڌ[X\a_u\zLMWZp|\7xvgZ\*.^\ط\\r\#rr^k\Z[c\\a]t`|K^ \n\\QHIai\14\`DuI\_fxL@\r@]Bâ\IHaGmȮpȴ\\R/p1\]\ R\0rr\L9\O\nH\Tai_x\\0iRY̠\`\\PF[\"\\&\\c)Kx\!\\\pg\2\*8Ә\ڗK(\_H [l5+\\TN#\\Q\a6W\<\\0$&/5PbtTYk|\/WGYGY\mD5*\ML\ˋ\z3\Q|Eb,b\\$H\pE+;\r>\i\`uo\r@\A7OPM~\huᖩ<qk\ٓ[.յ\`f\c \_\\"1o=p=3\'\*>\~Wwd\*|\\S\\-N?2ist|\V9|	\DSWR\\0e{bʋ\h#\aEr\z+_y|Z&{@\8ܟ2\@\-\^\r`^.*؆\ZńH\\xt\ZW\\,Dy\jX\v\A*x6\\邠\\\(|$[\$:nVpU\&\2\K.\3\{9K\ļֵ\\:\8\\"O\\!PuU3@\L]\\i	\&\Y\h=K:Knȣ\"wLg\q=X-\\Jֈ\\/gA\/\\\#g\N<6\\\\<A\=Sa\ȯ+gJDE:Ž!\6s\\V\\y\?0=FZ)BDbW\\\\8.\\0P^o!:?L\J {nǧ\\.?Sp=Am]\7p\< ?\o3?Q_2HB&iy>\\HӔ!\ocq\\00hC%O,\\;9\\u\0n\\(<\\nY\\\rCŲ\I\`\\co\\)\\\0\"U\\n\yT0`?l\[`Ju~g`J>cr(S1(Hr\rɮnV,㘁E\'\\Ғ\\?d\ƍz\]\0,X4LY\D\*@\GTZ[h\(F΍JZ\4=%ǃ|Y\8*\\WvR\C\\\"@zAtl\"eIP\9\m\\f\\k\NJDx\]\B=)oF+=܍R5n+|\91\\\\Zw3[\8\у\\9ep`?ɷ\\t>\SCqWi\;6_2U1\rIC\\0\ҿ\v!px\&\t?J8N{*f	4\\0|K2y\\t\-r+\Aŋ.RV\\%qy|T]T&,O\6GGC?PW} \>\$W\?Q\Z!A\h\(\rg`\n\/\\p_\]\hE\nk|A,]=e\u\0@ λz\+\~f\G,4-C\[LX9G\n\\\ĩ\ʯͳ~eXH\V\n?8}ʤ\^gET\΂\\\rB\\\DU[q\n)u@e\")\Q\\d>DGvQvZ쌦\j.\쿘u\\\@\\/\\3|\0\0W/bT$=]	؝	C(\E+Q t\"#h{Jw\"\\bZ?8#P\=K\7\/\@\\0~\0`\b\Zoi(4Os|#\\'v?^a>-?PY\R\\\\iÇ1wQ҅V\0:\\>V}Dm6ĭJuJb\쟸Y\\.-\9A?k?	6\kwˀs#\)l\Av\4\\\_\\nֻOİ!BX8׊\@ɾUP\\M儻ĳO\@\\c14\E\jF¥DGu\"F\"\\aՑKj\r/%(\v_\s%ۇ\C\U\^~e$\:rK\\Ԅ(\;?B٘1).1\vP@\fw\o5+o\"^qNHSl;)\\%\\r/h7\0n=I6\Z\\&m\n`\ph\rq\00FV\XԺ\8GRU\nCs\\#K\0wi\\U\Aq\0څ~H~&\(\Pm>\'\uҝ[\08Jt~\"W\'ԧ\\%>b#!>#-\\=\\j\z/:oWw\{W\#@tC\$\χ\\\\\d\T\ϵo%~->`\"~\\rh\QyT\e\\0ΰ.\|0}0/\~m%\#FA\R%)qR:v\N\+\O\I\\@fn\]X\^\^-gfJlL\"\a<Q1O\Y~OL \+\_D.B\֜A\\\/E\\S1i\"lH%<T\\/E\;	tP\0O3O\-\i\r\\\pDl\\.6\t@^\!U/v\ID)뼐  ;t\\lkx6m\\0\s*\gk\687\\\\+mU\YC}m7E\U>n!E&T\7b\\VA\\rE%b\l>W|*;\Yځ*\|\>fI\>aJy\nAJQ\\v\Z&\\!!\S?R\\\?s D\\\0B[ycF\\\\y|V=\\D\=<\<ܹ\\}=~Q\\9x%GG\Zi}QzFuGEy\6 O5-6>&\L0\|EN\(ZJTyY0O\\*=_\/9_ad8\a0~@?_\`\0\\qSJ;\0\\v=D\0\5K{e\"0X!\]!6D\\0ȭYW[\\U\SuA ѕDvLzbK\Q\s/\0\-_F\\򈟙\`[\O\\'@czjwKVd\j\Ѐ1edB{6\ڬ\"\\-%/aw\^\\3\\\OF^?I\Q\\\\?rع_\0\?KsԳttw<KyY^\\\(\)\PM\Z\,t\q\r\_ue\|	nm\\\<ȋ\f3}\I֢L\\f^ΩƫW탴?G+ =~U\W7i\0Bu|1Dn\\0\ҝ|Q\\}\#\0\|3dyn\r\\Az .f)R\]/\\'W+\0\O#a|\d~\\\\3\\u|U\0IS U[\*\,x\\0~[\\T<T0q;\pI\ҁT\l@s;33b\_X{Lj؇ʋ\ݷ\mzc\¢(\]\F\\t\\F%\0\\ݼ(KJ\]:\\"}?3\\^&@\-\4GqbgC.\ (\\q)\\^\5K\~\\96|(\U{\v\0	N?\"S\0	CK<\F\M\&#2\\?QFC\1iʗ\\\8{NZ|\\z\F!\p\쳡/\Z{^~\\nd_C;E\\cԥ>\'q\Zl<c?t7\aH=3\S+a\1\k˅{\3\\@P\H\nQt\OFߘV*?:\4yq\o\7\\"J\+jP\|?\0I?੏\rutN@N\N\\\\ZBs\\Z}Ry_ȗܚ\v\\Y\)\Z\\\nV\<d[\E\\_i\0\4ק\\n\ \t~W\7\0a\0qa\\0\\z\MPQ92CE\U\0\7q!\\\Ii)ҏ\\Qu\p-8E\r\u|w:F7k{\0syZCYaSǫ\n\\Pe`\\+\\\Mh/4/\{`\aOg9vo\n#\\\\\A݆\7*ܢ\ˡ\\0j\\r\;Oyg%_\\Or>O\(j/:=-rVeX\0_jK_ɾ4YI\\ ՘(\-\G\N\`C\n\ULuQ_`\=\ PcJj$.Է\!\\K}TE=\\\-\\\/\6\Q\΁\n\u N}\}\c\S\\ꬠ\\\¾U\\3\/et\Z\>ʄz2\S\\r{?@}Xbg\\z$P-\\\cQ$\\E\\Lg\0t\PAp\\	T!pRi\~\]a\gS\00\Gl?q\"pq~eupNY\DA\ǚ\0P{\\\'\\P\\\Hu\?~~\o\V\:G\D\3\\'@AP\0/{ C\\:*]S/♭jR\0p\F%\\\%\Z	.2\|\\E\`鈉L\PB0|DsFaB򶛉l?/\IBT??\鯜{hr	\0,A\b\r[/:J\B~&=[~\A^؁$.\J\C`\t|F\Q䈦_\\\\Z\\:|\m]\\\}\։C5\\Z\&CT@cz\rt\\\\ZQU\\\0؍F\}J({hO6\\l\wp\\PJ\IuR\\'\[R\SqC[\'\`:vd\IiP2\̢T5\8|\*U\\W\ĩ*a[WAz\\8BS\\r&_\"sSd;&o,\8\yv? \n1MO?Nz^\\!\#q\G\K8@ǾW*~}Ҁ\0F\nKf\t~\\Y5.\0\{\#-6Ѝ\u\ҹ\\r\!G~W!:T\n|\\(I\T\\B=\\\J`Sv\r\\\\Vx\0н\m\r\Rd\[`$]\W56T\**mRQ!\Xᩈ\Yacp\s,\.&0Xӟ\-\\e\f܀\kFG9;D/\n>IPx+e\\'\\\s\\Z7\nSUb\ne\ u\C\At/\\"^I`\0\\i֯\<i2m\r\r\\\1)?N\y1#\9\nV\\/ʠh\|\X(\\_\GD-Qk\0I|uy\r\* !5Uz-߭LPHNC(zĥ\W\~=\+W\@2r^b\a\\{٨bg\n\?غҨok\r^؛-(0uY@r0kF\x\E\Й \\\M\ \r\m\y%9\²sİ,bϩ`\nBP\ܙ\|ƅ\\0P\L\\"Lr1\Ox6\8..+K=\'\w\\ch`T\DUrW̳p\B&a(_\+\P}\\rbCJ#ʔ\G 0Qr:W9䉦\\n\}Dd\\WUP8\"W\Lm\S/̸3\j [\!8\\\0pvw\\u\0\B?CQ=\juS\0\1F7\(`^\/\\F+\a\\r~\"(i- \iV7Ժ/ nTy\Pc!%\*~\Wh)}XRq\0?)X<hC]J*W!w(G\e\T1\\{\p\qi\5FZ\0\\l%.\b\0\'\¨*13\\\Kц?\\v\\@V\E@TkyJ\\x)E\+F(,z~\ZxzyB\3m\\V,H&|J!r\\Es}LE\\jQ/S\K*Osf\\	]|A\\~\oYX0\ E\n\'\\B9\aQ_\+Q\~:c\\"*UU.5(+\"t\Pat\4-\kw<e=7Mi\\'QDP\\&坭|cN\"\nBvV\\\nli\o.Iouq\Q/\ٸ$\ݍ\{KIڐ\&F,\tn\\@\Zm\G=b\nB\\@\Z.\9\ZXPH\3A\T0(`\r\n2PɎ\\Z!\\ΓpU\)s)P,\\&O	\\\"lG<̓\\\\\\s\\\2\Y\9\xCtr=\F\\\z,QH\̟\:b\\\z\@=b^\Q\\rP<x\ko\\"ٝ,hP\Cʬ74z7\-\ b\\ƥ\yK\Cb2\\Jf\-Vj8%+j\9\\Ain\kȐ\W%fLG(@!Z\\-\%5Y{\\p\"ա9O/Dar\D嚿\- ^NWHU)\\_RtE\\.dg\{ϘWC\~bG\Q_\`=YRd\PjD7R\FP\&2XJ8(\V\0\\0\Kd6\":2-?ً\\?9\0\\0T\_0=V*\\ȠS+\?\0\\0 OR\\hS\\\t\\\\ضz\\Z\\'uY\\W\rsoVL\\lS\ZN5O\x?P\\(Q\\.\\(\0؈T~\ޖOH׉\\ˈ\0p^{\ŧ*\_H0a..YjZ\,`$f\sy\\n\ WZafP{?Z\o3\\\3]!֟ļi\<\_f\ni\K\EiK̴.\v=u\ZvI3g(*AgԷ-}M\\.r4\Zp/zܾ\\5\_g\QV{ãv8~\"\O\ٽuK1\,AYr\[\#`T\=!\G]w]-e\Ҫ\0]\T\\0\r\Ŗ˗.\\Xb\b\)\\\\\)k9#\{\"c\c\?D&@\s\'Ou.~\@e]\\x(\0\fOP\gP;J| \>b=\r(	:\A\\w:?:\h{eJp}ߘ.\\Ϸ\*\!\j;\\u\8C\ZP\'\G\\"zJD\\=q%G\_s\*\\\0n\$cx\0]\Z4^E\\2\n\\0.0[umK.\\\%\\>\\\\\<E\Y\.\"\;1\uE\0	\\\\\\\\\\Z˅\E9L\ @H\VQOf5]n	\/ь*\\"\\KP\JT<SIѨ}T\\oZ:OYs㘯[]\ʠ\9\'\X1\[dQKдwO8\'\r\Ih%1\Z˥D^Ǩ]ޢFjX\){d\\,Z\\\=B _E8z\\S\\<*\|p1hf?2\#,\Q\r\m\x\\?˗1X\\]\\WXss\^\{E.)\)Q{\[M14֣E\:N\rA\\j&nD\r\ð<!\[\30J[oA@7wݔ|\Ug2C|\+PI>B\\m\\ ur\b{/\\0(%\Z!-Mc|/k`\\Ms+!\0C\r4xz1+	| \Zf\0Ñ\n\uJ8pz?!GS4\\9u0\!_o脳\ϓ1̝8ǀO\r@\>O\\q\r\-i\\J\q	 \0.\\16\gՈ1\\'$\\\Q1L\#j\0/2\e\\r\\\09FJ\\\\"ǜGQs^\\QqEļE\1XxS\a=A6jA\/A\l(\WpI<t#R\쿢l\̣V_\\\0\#f(\n;\0;\\ЄxL7\60\N@~Ck\n:E:-oc;iep[\\3\Cp\ٲ9j\\N	\q\0\04)\\\0,f\}L?0:GC{&\Ƽ\\磆%),\śuU:@\O\\r^l`\\S\_:ҏ$\0p\0K\\\gq#ȸ\z\nEuOw#̼Q\\0$_h?\'\Tܫ̤Բ\\Es,2#X\B\/q{\b\/h\XV\\"3?\М-\'?=\0x_\Ca\}\G\?NxJ\\\D\KKՃ\p\௝Ca~h|8\0>M\0\<!\K\\\Ju&Ԏ\r\6\n\DV_\"5\0\\,\")(<IN\\r#OP.t\rQ\TR\\'3\@\ļI\¢׺\\<O\/\= Ӏ\@y&_y\\0\\r\xOe/^~H[g\\}]>7\CI逺𒧌lRl#\\QA\\wa3Uqߘ\"~\\˙\0\0\0._x\'<Yׄ\\o\0\H XO|Ak0nIw0\rfWC\Z%S9Ō`7,L#:/\\+qE\W	\\:(\|^<~N{@c-YJ`\a\0\\\/\<\%\t\\nN>@\$ +Dk`Sst\0\!\\\2\0\rP=%{CҞ\mޑ9=q\n|X7\5?p\R\G:\n\\DdQ\`\\\,*XI֠Qz\,׷H\\\Et\0Y~ \\,ICKj\0\\'Y@\"O[	[v>\tQ\\<Wa\v\F\\e\d~\=r}Fs.\\\0fx\Ub\0\8\֬\"R\\\X\.\\r\˗.s\0y6+\~\g\0\ПJ\\\\\rF\\30pE%E\"[\]K^\\_rS\?,wL>&\E \/?C\#=wR\9st<?\ ;T@\\BE\X?h&_\')\e\r]\\̱\\ciTnʾX˯\J\\\0~ep Qx!-y\2\f%\\%\J[\Ґ%6!\ZD\0\X\?_\\ \ZŚ=\Z\"8\ˌ!D\0\\A{\v9+<\!C\0\\\-\\"!\\'t\(@]o#/\\rz\\"$\\\"\\\"mQRU\6PF\	\*ۧne0l^Hx3܈,ꪍ\02 /jmúIÈ݌|#qF#с)\\)(EY\00rf%I:\\w\0?-\S_r\Ōc\7\\a\"d*`<8s\/Rq%\HR\V<\G\'\ډ\"\,:-V\00;vt_`\\L3]j\B\r+\/\9I\\J\UЅr;,\\Ǩ\'k(\@\Ը9p?eCw]\n 2lCiXCW\[\=\0%\^O1\\%ky\\\n.L\\\54*\ڇ\\e\\\R\0;*\nӋ](\\\E\r\Zn\BӐ\\DE\\0aSy\'\\j(\n[6\0\\\\l<4z\P\\w^\fE\-P@d\\pL\M\\7t>ƳE^AF(G\{\@_Ρ\h٧\8\Z\Ү?K\>\{CÏ\(ؾ\nmame-2\Z(`O\\\0\\`[k]F\n\|\\l&\XPe%=\\^\\:u,\ \\\>D\\0\,_\\q\\Xb\\b\\L͡\Z\"p~4\\H\[\\aѤO%@20`f;<òPfVSF\\\`\sH϶U\r\R_W\D[uD=C\2\\]\">\"\r`\0C\\E\0W~	D-b\\A@`զ`\o}G&V5=kFh6P*\Z\\n\b}\\h7\,\q(ҌMȁ\3\u\"_O\\xo\	\\x\*v[u\),m\ٍ\(Ec\hڷL;\uDT\^`cAw2Vyx\Z@c\k̷%lT?\J6[\0\\0F\\_	\J#M@.ar\\0\EY\\;9(\_QkN]@p\Դ7\"\0\\\+\mN\Xր\M\0^7*(Qx+x\"\Y\rBFudM\Z憛\\<d\O3\"uM2>㒅X\"\\\\Mk|\#$2\\uN%:~\\r,o֣m]v]\V\dۢ5\MIh2\\W\W?\\,`m\\1qeŊ,b\1w\z\Y\4:\rZ\;1\\Z._uh\0ޥE+\/)\Q:\wjP\L0/D2\<KP\\0#^>\0y\0v_4b\09Z2.A\$]\\V\nr.D;0Wuq*\6,\"\\n\>Lo o\Hn\\\6\CT!.PK+i`\a.K\97DBɮNfl]@\0\ \n6iܦ\Opo8\\\'#Ԏ	i-^yKp\0@^1~N\"qz\%Mi\1\0\h\\	,0Ӛ-Ph\$\\\Z\5UOa_m\<R=Fcy#rhK7\\\G\M\B\r\喜\\td_\ \\뇶 [\\_L\:#t?c;\\\Zd:C!\n+ǅ\K쮼3\\\\'*\/\P6\\P\\-,\\r-b\a\\<WBQyNQ`\0\'S\r}q@\hq\tévm \b]\ZL0\\"\\J\\,lV\\XXs1fW^~&1ή\\\0\n~(\\\̤nz\40\\uRuW\8y0\J»Q\nh`EC<+p\"P\K\˫\y\0\	\\Q%\܇Q\4Pv?\\Z(?%%̠w\0E\\\Z\dd\E\Z\rH¾+X\0\hF뀊\Yg\0 \Ѯ^%3Y}|\AR\sgX{\u4OY\T5	̫=\\'s\<?1\0v\~H4\l/X\\1t\"*\=\-\0\r4_mh\"Kဤ \PS0N8E\\u٩FUXl \ah-q\Q\[cf`&Am$$\Hq[\*Ad3g\*0<\ntmF;>\\_!%An\<e2=Z^\'T{)\[iܺ\u̴\(\Zk\\!G<=}\Wg\\\0\"\\\$a^0\Jc#\0w;\OOtW\\F,\>\n\ŏf$qj:l\(\0\\\0ÔX.,̨Uٟ\s\RU\aF(\mtA]˨ܹt(\&\X%tJl|#_o\!\0RN\_\X[\:%\\\i\0?PV\ra?P7\\Z\\0\o!\\0B\q4;qP	AD\/\\Q\r[]>!&N4p3GЈA\4:TL-LXVn\0c}eWx%Q?glz\P\9<}\"\.R+f\\\"Q\ZqI\8R,\0$\r5\x\Q%\q\ Hkof|Ώ\\}k\8ïx2v}\#[1;\\^\j|\0瘝+itv!w\\*y(0\^\%R>`/\3P*\),E[]E\$\yQ\cI\?cӄzz\X,\\5{y\ZG\S\\i>\\0ݥ\Z\2^\l\t|\(\"l\:-r\k\0\\\?VscĲ6h1\0ǟ9>#ip_dGƷ7\H\e9\R#\\"Z8\0C_,a\..bڮ\\\0@/ıL\~_Sp{X_\n-K\9m6Jx\\\\!\n=}\?\_߈zZ\\􅓢\n+\>妯.\\,)\\{\\\Ž\ҧk:_\C=3s)cи\0i+\,;\0\Mռ1\jϘlo\b\\໙\\\E#ݘBCb/o3\0zk2\/U\)\a5lT\f/yZxc,Xf[\\vw\\\0Tr%9\\\\\G\\/\\N$Q`(TĈV\?D\\04\\}\؋=pǔ\V*Gˏ5FK3}>\*UQf.Gp.vs\'CO?88;%{\x\\\\\M\w\0,G0\A\#\'G0R\ǁ\VQ\Y\\޲H\\mPڴY\&h u\0]WW>\\a\r\Ǽ)\*N\R\}\QEa^\GؤE.R?)LM\D0zv\\7,QS9+\Ph((F\\\7&K\\0J\͔/hۯ\$*\r\\\\\!+\9\z\\c\Zj\\\\Їt\WR\\Ť .\!v@7\\\Qb\\\iar\X\'\g_`\ C,]K0<B\_!ʿQg\\&K \=\0\\rlNĢ6\\\=}\]\b0`\"RKA\\5\.!\0b@\\\\DP+\\O3\3EZIJM*\r=\`ħMw\:\g\V̚_o\,S\'iʷ%pq*A-g\H]k; 91(\\\1\0s\1\Z\"ȃ:7O#b6_\$\\\\|1vm>ώ\Y0JG`\\0\WG5]\r\\h\nj^׼b\\\\\3i\_J<^\0Q\\\mv\\	\gq\\E\n\\<>\\\\DǪ|\솗\\0\\r1{œz?3P\3B7\u(Uz\J UF\)Ʃ\nőCT(\µwdeg\Ez*4Uz@\0(_spao\xȯC?Aܢ\0ǩL*\#oR\DrK5\\0`VweMvyR׎OC(\ۨ\\0b\ZwWOGቼ`\0\\0dYCT(Rhy\Yܡ{?py&+%2\~ZMo\)֚\*.\O\]\}\׶|?\ySY+\0\\\0\8p㈐v\a\=B^\] 9 ws\1\6$\\ԵV\rKf%\\P%\am?\:tӘ\rݔN\"`(:\)ή\\T\xeB/\(\\Z\1DxT\1U,\*\F\FW\6\r\\ o~\E\A\\/#\F2;õ\Xt\ikUfSWT:)\\\DJ\n\ 0,vHc,!E+ЏYT\8-{\ \r;\XR\by}w|\\r\n\wR{\*5Tua\@\\\*uZDDY\\\\)T	IW\v@8\o\\\m\vz\n\\:3\(;9[\\x˟$ == 9X\01|^\(Y\\\!>\0\%\0QR\\(kܤ.b^\\t,̟w\C\mG\,ɂ|\ttCQ\L\%ܾfW\\0DBPrSΥ\\UQ\41\\0\;\\\hХ2ȧ4<\(;\T2駱8S,:\ne\D\\ҽ\\0?\ˈb\|\\nzfVPY\-Qе54|!CC\rPÈ{G!\\a\n\<bAo\}J%Fkk\`\\ j\3Xh\0!L6ޛFk\6\3\0K@|9}j\h	\U`d& \{d\0ZQ\[=hr*2@\.͡r_\j,x\)\ux%\Z;\Ir\=#;uĠ[\+=aE(El*UØPb-2a]\\(\5\\"ǳ(\ ;1͋K ;\g`\3\s\%\\\@6Z-̢*Mt\IJ\\*ݧ\w\\*pqf^\Z󩕋\Km*5\\1īR޹\\\=\f\XwϦ\nPʺ\093\\\K\܏\J\ً`43#\~-Z\0>\`\YF\m?P:\r\o0@,FPU~D\#+y\\0\ܾ\t\KFl\\\S-\ZC\^\߸A\\{{\#(Ss\r]C񯨃\0\G\\]nS h\\A3\%\x[\\0\h5\\v%\0]^\Z\,|+\0vg\(\r\j\ϑd[T\\"\rp\JŤD0S\rt壴t,&\\\\\\0y.\"2`>6kDͽh僌\n\>!fC\0wereOИ7tP]GI\	\(\NMR4\0F0g\\\XF{BU\Y](-YF&y[0\u\6\\\~\O\\\#~OWB(\Z\Zp\|	\nha^s~2k@0b\N\р:iWB\߉E\)g4J\\tܧ#H\r=aQ\U~\\߆Y\aWp\<p^\\am۹чNQF*ԙk\n~\"[	XsAp\`\QsΐE.9a*U+\ZdFe`Y/d4z\\ijt\}> \M\\Z}g\\|\1ϔ\,\Brg\8\܅\0M,X\wA[\?r\[w!\05BjZQ`@\ZE)\it/1BٳsI\C\\\"ײ\_\K5\l\>\M1K|@\po\'\5\\p(\۩\Z*9\6E+c?\S*\+@*[(e\dp>\\"4y\-\]-O\n\\Z|K<m\\.\~ \[m^^_\]/%JWC|f\z-?\,\\zi긠Z,|1Ɠ\O\TsV|\0m\"ѼY\0Z\Z1\\E\jk\\q\Z~\'\\o\\\Z\0\\\	7B\+\\HLx8\X\\m{\l-MW\djWi.\\U\E@x\ng\\";\\\y\\C\\"ʞY,DU\BI\r,9ָ\р;\rpv;\.(}X*\`\sU\)+K\^\rE6kPA>&\\r*%V]G\\#˗$P\5\\EֺQ\0\\	r#t섀Q\\g=K+[k\\yxNVK\u\\\l،2cf\\/+,,SuIc\;@	A\Zy\us\n\b\x\{KlrR\EsE\q\5\n8\^+~c\0{\y\a\a;?1EtQ\Y\Zy\\|2\\6R=|\\ib)j;{jrj;\VY`墾a\	\\Ah1<Qa\(\	EWE\l\WX9=ms,\F\#~CD˓s,\іFVB,\rz!}go\\&\p1\^vǥO\\\\\d\_<\Ԓ2=e>+\[G\n\jX\0N=\\\-5\n=?I\\!WW\*\S>忂-\\\\'\]$v=\_R<dp~E$|	֗F(\N~\\\\"\y\\r[hZ7PUGY\\\Z0ܶ!ބ\ocu[o\\\sbJۂ\n\B\8\n\\H\֢fQ*v}\\ZYu\tbja\3\"=\"&z\\\frR\\\V\kf\r4{\\Z \0tw^\ͳl?P8\r5\TX;(6\Q+9~\\rQ\\e\T԰ΡT`\">cv998F#\<\\\}\/,\%<1nۜ|0oOtn|\3Taxx\M#\l\r(0\+CE`n\\"Uj\\\\ZJK\\\ \@ rz18 \ZĤڞo\Dv9232eгSE\}\\\\nq\zNЍ\0*ˮ\\~&^^qPe5k0gά\7%\\-p)\b\b~&\zSM\6S|8>&\\ze\\\bY,>e\0\\"\0\/i\0\C\ԉ\Z}?\O0Hq5\NK\\'\C!-yy\\t$J`>\\\u*?Z3b\/ =Au1fag\\n݊&^ɯpv\o[+`_a^\XiS,zz\\\\Z[O.Y\*\0.-r4\E\\c\h{/,\\JE\礢vԡaX\"r\N ?IS\n+\0yiRz0^\w*e\0D	hJb# Թ\Զ\0ՃД\Sς:kXf\f-s-|\0Y\U^\B9\\\0\Bʼ&\0CG^\Q.}qt&1q\yrFZ}.^ш\8/H\UNJQMKz\Z5gVi@CH\u\b+:˳7^Bl*ā2gp+l\\㤴\iAA^;乨C(CF1tnUm\Q\\\?\	\2^6\~\"Q|\q<\A\[4L\J+vq\YqWv\2W\\"\aOEkٯl@z\ǘ\˻7Σq{\}\\0,lD\&\4\\rC$!\\1>a`%v\6h\\'@O\|E_Tr[\1\7B\bOF7O\r\\	lR3ϔ\\\ΚμhQ\f\Ƕ9\"\\-\g=3\jo̧\e\\0_1\P&/\=*G\ȼ\\el}7\e\Pt\X7\i6#<]kOJ#RR)5I\P]\F\\\0{_v\u|!`\0ަ\Eb\B\n^2;_p$:Xye[n8⁻\rtS	r&vC_у\	T\'\r\:@	B\\p%$EZV\G\'MK88\E\"c\\1wR2M\\0vZ\Bp\r%\)\$0\\3zu\\j=\ etʇ\r\|<\\\0p|E\a\3B\]`7P-8f\Vx[f\0!`\n\08k-sXUB%ۡ\n]v\o\9U\<L\*f5\\K\r1\/IT@GB\6/\\\IKX\\ngQ\؇<Jl@#\ZCgxbP\I*&U\l\?]\/N!vj\Q\"h.[^\0 C07E G\\n\*\7~1s\\nPFZYvq&t\w\\"\# (|&e\6G Xu\\0r\ӓ\k^\T\O@i\:M\4f4v\E\Z\0̦*hh%E\!\u\F/\n݊7Y_aKO@Cȭ\Lƌ昖8нDI[z2g@|2w\\\o\^L?P@\:Hd\\\\Bת\ɵ\I8\]N\\Nr\r\\23\;_\UQG{$:\|?2\\a\\x\4.. \Ol!pCM,\\Li\;0\y_\0wվsǩ{C\r6Xzr\¯Ly\0\0\Z*^X6N2RL\\]c3Ay u=W\B`X\&L\\謺D s\a7+\"\\Cf\\/ll5+aAi|hw\ZbW}#EM\,rOy}\\r\\e\1$)\q\`t-\Ƴ\%Cx\\\	\\QrJu\8R۬Ĭ	\@\\q\6]u \rc\ZZ{5\u\\l\{\U\\\.\"o#m`g\0+\S\\\QQ\4\ݸªϊ9\\4\r?\2䴱\n[\\"AAf\Z\]\ȸ\섀kn]v\ۗmx\XØн\c!]#W\&\r\u{j\F۰Ɛ\I<\Rܡ\uXH5r\"b\%\x\J8-ܻ_kv͞&\"2lfQ\\\HY\`uk)evzC\rei\0ٔ!z!\jr*\(\\\\0ӿ˯Ur!\^KBc``\S3\q&\9\nDM\W\%ܐ\~:\1#>q}?	ɲ\:~Qy\\y%\\,tZ\\\/Z\E_W\ɤ%/\\QK˂\0h\!{\E\j͜\\Y8<\5\gVt{\ܨO12.V!\n\r/%|A<D\r\tFA\Դq6.c,TW(\9l\\*\ī\\@3sW:d!\z\\0㙆\n\r\#yH\n=\ˆX\0s\A҂\E:ϡ06g\\\(\"1_*aR*\\l\\\bPA\x.c<\\\{\e\ԽrİË\-l\'Yg,\n]T&\P\˩\t\6cc\96HV-ĵH\r̸Q+\)L\	A\"J;{~\ek\3ŵyx\[Ud\'\ZqnP\\"\'YZ2\\5\FD9I͚\T\DqmguK+q@D\' $U僲;8٘SR\\4\-O\-=U\0aǌ\#BN\E.\\ybm{xQ\+w\1$H\yҾ<\^\>`9Bד\\\\!\\ų8fCu\(%y;0\6ڼb\n\"iR`\4t|E\\v]z*Γ\\\',\,\RP|\]\\=a͡\j7-w\WW\0\-T\R_D\U>0ȼ{X^\A\O\bÇޙRCi\\>l\\\\?2i\\=>=\\R͟qKN)\nzvD\0\O\)+荌b\\)C\0p>a-/\ $%ݼ\0\L\0:I\\ש@[_2\^v8uAX(#!\V\@@n\JQ,D\\\wiG8=x*\n`Z\\h\X5L@\_Ռz\3\ߖ\C\r\8j\\Pbǘ2+Y85Ӥ\V\6\\\0c76AHMc.U\Z\-DW<L\0\%\9Ut\"f\\\Z\`\ZbJt8qD\P\rDxbTn\r\"=^tі׸VT`3\0\0\\\\0 P\Z\OI3\\o:\r=e\\"{fES\0\%cØvT\r(`yO\,e,\Eyal$\Z[С@l\m<x\Z9\\"q(3\^e\\Z\B\d-\MQ%\܃\r\(p]4u AtY:ر\L\=J\,v\^~v%PP-A\\\'m:}\\P\\n\ZG\6a\\+\\?	\V.F(4O3~\f%wPDKX\Y\\\M\\@H\nߌ\\9 ,\A=5f\!Kৄ\\2\\P\Θ\"\\\cU\k\\'\>*U~-e.=:\Tmx*\{=\NJ/Dᡃ\\X.h\0\ء\\8\\ξ\Z)#\\Z>8%ÅZ\0Xr\,*y`;UybQR\\\b\C,;YWf!\\\'R \Yam4 \P.Hh\4!r	ZwqE,N\\yx%Pe`\\/q˿\\o\J\AʮK_!\WZ\*Cwc\\./N\j\\\;W՘\ӭD`5{ѨL8bfڏMdm@:HK#\ln\Y\b)m|Å*F3\DX fK\\AK\&~̰`v	m\\\ ,ٸP\T\\\\\zf\70<4{GG\F<\L,Rv\\uN\\2$b\\^\fE\H\"Z\\\\b\^j`fCXI`p\RT\rTO	\DdY\5\APۼw#D+\N\0	\0r\1\nV\\\֓\v\\\,\ff\׼?:Cc~\Z,X#47\=,a\\)\\\ \\ɲYI\Yb\l/cP\jȱ)!\0&X2,\\9+@i^\4\h\\\#\n\n\rQ?5S\j_\\\___!#\#\0\\++\kʾ<\ \߮\XnQ`\pz1ᘂW\\\0-\"-\\44P2{}\(8W\"<.c\ZEQ\Z*\AȭJ7e}y`웉	H\wwh\Z\wY3\DA=R\]\\ʪBb\\\rP\p:@\\5c6Ʊ\:\l-\260W\r\\\\\}\\\59@\0ձġm\PU\rIuE09m\D9\r\` %\V`ɚĨQliZ\}b\J9\.\3]ymuvu\2*0n\\Â0		xy\G\"ies\*Ҭ\r\Zf\Y\?1%\Kֺŏ\\nO\'\\BWK]oCc\e΂ǯl\=`\8\\"\\90r\qqFHl\\)\nCHH\&\nZA+\=KY\\Dk=Ű<:Y*\rl\]\*\n\`.&\v\Ɍ\5\*\\0`\rv\*\-i\et\K\ITM?$]YA	~\\;Ay^<?1jQ\0\d;6J+Ty\\\kX0O\|S\;;llpߩa\"y\"m\\04\s礩s~?RH\\B^\R*}Q\\1\G\\\}bVL-{\\@e\rNͣ,\=\DIYsF@\E\@+/\'Al_<?S.\Ӈ\\Zxf\~L!J\\\5cVWy}2AFI7ַך\YsN\\d\)Wwe]M\hUuG\1\\\ZЪYlF>e\\v:*j\\0w\\\6ی@\q-Yye_\\\\0)\0\\\"AY|\ZV\\C\2@\\0;\n\\؊So6\,\\Dc\u\rdV3`\\rj\\+iEb\/i`\N- \\n<\hL(VCGY\_B&|L+}	`ڝ\B;ʅ+\ S4he3}!Ux\jS\Y	h\n])\r3e*\0\`{J`+%\\"Wg.-2\0\0B\"q\OYam\/µbQ\\[H\˴},A(\1X\\`\JO]\\\hY\R]Ląn\Jk0VC\\:\̕\n\Į\\¶\\\$cuL̦ M\>\n5Ue~\\\\@b#Z9\\ko\G*Bi\]fW\\r\'dߒJ|\>2\g6=yD9Fv\Z(\\0\0Pp?\9mRF\\\ʶ~s\@+ 	C \;]F\bZ	KٯD,ܨvkuN\z6\r>ÈQ@P<\>\n\0 {:1Ʉ\ҽ\x=\\94}洙lCw\0|\;ˁ\mS\L2Q]Y\r\e\n\"㘊GV\\N\.\m!y\a-\"]\Fu\Ao}\r-^؀+yn֎\3@^J(a\~J\P	x,\el2x0%hg\yB*\\`f+zšZ˜F2z\Z.\\0TP%}\*/\,\'E\<\2[\0u]_\\f!\Õ7\\0^ea%t;j0n1B \=;0L\n\\-\\g@׭!Ic<p\];$)Yf\\L\"\Tv\"O({I\,&P/YDDnK\lZ:\K\\K_7,Ͷn\cu]`\\v\=\%\\lXF˯E4^\EiNrt-|%@\ٯǼznv\|ǛA\,\HQ\,XY`?1˹gY\\$CDHݸ]\cLq<\a:\(~\-r\\Z\A\:m Yjrw\nB+-}ŀιFX?3<>2.R:Bߠ\~FX\p3[\Pۀ+sb?Fu\lGP6\\#\\\\?H5=\8A{@^k,fwB>ҽA\lL\TYmSme{@{5|UDyu\\d=\\\0}h\\n3\SG`:ĔKLu:F2P\\\0hq|IB*n\n\LsG\\\rv|\\T8q|\(\\xE\\[Z\DU\.\\"ʹe&\\0&9b/8=*P`j\.\"qy*Ţ\j\%\r\\aҸ@uwVj!v7\z	b(c\\\(\M5(יx\:\A(t\Z06_\nx=N\\0+\nuw2 l\Ա>\Zx\9/\EFnŧG\\\_&\ L\IM`\u\\\l\\	OhQ\'k.7\0cZܡzcQ\w{1%=V`op\0ɞq_ģ._\\\0F{\"UĀ\(cp{\YZW@\XX^Q,l\\"SxRV3x	OL\0\vs\7\\\\r0_K;mdaU\E\\n\:?r\a\\2Xi\$FN\0ī~Z]y\n6y\"KI͟O12\QA\d !Ұƨi#M0?r\\\r\\\\0;P\R\sG\d\@6\-\Z/HlE>e#pl6}L0\\%\\,[\Ղ\\D@a\\rJ&0\s3\o\0fxeWc/[TYo\n4\r̵\\\Y.oU\-Tm\\\\\C%0\\9\R5d\X:?}UcJ\W\&\ZU\ŊT\s \>\\ ^\\  VV\7\lͯ,\rsn\TC>M\qs	=Ks[8m\ZdWEx\K\"\\0\\*\ybv((4\nmpY\▖\X)3K\P\\0o\Sj\nJ \"\\+Ncctt\2+ha2@_-1\\ub@Ӣ6e\^MF{\rã@;A\5}-\rK5f9ä\	a9\04?1\\u\QgY#\,i\R;j\!],\\P\\\)A\\\nP\fP*XMysW.\\\x}J\\nL\\\-\n\Q\9\\\R׈\j\3ç7uff,\\\ATC`<rw.\Z\"\$D\y`ܩ/\ 4ݺ\(A2@U\/5)6Ј^$ڮ\.\0+\5\^AiۯVps=\Ft?\0\'W^\\Z\\UrW}^~a@\\.\*\0rs\Զ:d|Ju\\ˈ&ʑQ{\-\\Pj\0	X}\\"%\\Ea=i\\\0ux	;4=ĭ؊PUJ\^\Fo+1\As\]\)_r\'&\eݗ\\c\6tS!\pYQg\\\D7\\<GZ^WPaK\\0yKSW\!Aa[\"׍G6jZd\e=aU:5\ĳ\"2 \Z\\ndR6c\wq2K\\Y,iD\\\\8\,t7ۊLf1,\\,\ы\EhfX}\hK:$R \\\䌍\\{uzv|q:ux^Nt4\0Y-6\K({n\0yr.?	2*jx\̦:A0b\Hmo\0Ԣ\g\[!\E\T6pc@ȵw\nƣ2\\ L%\\Y\\b\p:a[t\\U\ZhA\\nuM Cb;H??\}D@\\KO\K\\";*\\EEZa_EOr@䚢`\;#P%391}2e2{\V;@sd2|q\0[]\bA,]K&aݬay8\rŜ%\"``\ ף-\\@\\Bs\w\"FC^\T\0\ښ\9c37ͦ8c$\\::F(4Ya\0**6˙圿e\\ZNF\Ky\0C\mo\5xTaזlF\b0M\a \\(b6\j\o\<f\GGOq6|~\zrq\K\3g\\܉\\cOG\'4\\\d\ڮ6|&\-\am\p19\SU\iܡq58!#6+>\}ݓC6#\'fsbj `V!i7:4sl\ØKØ\I\\\'n=q\Rk#\rb\((1\jA\s3篷Dߺ\Z+ D\\\>pvE`\ ᚉX\\ZN\'\\\ƀ)\=\P6G&5?\\0 \0\0\0\0\0\0\0 0\\0\0?`\5n\A,~m	[Nl\\3k)G뎈ċt\\U1\22zGf\u\>\>\ᑍ\\\9K\9\E9c겘ל\\"GPf\ћ$M\^1ٮ:ݟÊ\d!\#lpoq3^\JD-\(\^\\-\\u-G\nTʜ+D\:%dr\E\5\\kLsU,rd\Cf\\Fxm0z\\l<\k!cT$!\﫽94jH\G\"ċ\\2\\\Wd:Ce\UU\dE$\\y\n\BR8\P!Pjdd\E\Z\,p/%c|\\uא7CADyc\je\I,Ku\\E\0F\\~<	\\\\vH@\*\\rY)wb\r\[\'R\n42\#QQ0vCD~S厎\)\1<u\r2\T\\\l)tO|a\ȺC#/\\k\D7o\\0aLe9\D댈Äs\\~\֙ĉ,͑\J25\Qc:Qפ\Sn\^USY\\jG\k\\o\$NRZ\y\Z\\\\A\Ic޸\\\|\0l݌k/\ \\\7X\\\NRȕ\"\2O\:ug\\\\'<\5N]\b\u~\\ukl\/\,m^FAa\\?u誯k-mml\0\nLH,?/\ԓwRp\\0͏\\-ww\RR\"9Ub#wf%U)Zvg D+!_\u#$B\))DG(<2\n\v\d?Sqt\F\>Pj9-U\\6\r΍\\\r\\\\\l_.\\]\\\0GO/\F2\\\'\r\~\r|\Z\:\\c܊/_1LlC/ŮgSG\h]?]\\q9\0\dp\!92Gŋ^K?ĵ\U\'*\x\*ʤ%\Z\" H\n@ȕTU[8\8\0	^V]b89^VS5wwu\5\]]߯8`0L\0\Wyns\bww\g_]* DdJ\Te\v\vg)w\r?N͝tϬ\\b)}ug\"p<e\\\\\\dˮ\[dH\\&l$\\'\\]\\ݪۏyYn+>\\7Ob\\\Vɛ\\X\\?\عd..\\\\\o.[:v\d\7HV\\F\\Wq\lb^YىD&I8b\\\\],\lz\fQX\\q˻r\G\a:cC\!`\G.\̖ޣq\ޘNk.\r\mYwz2\N\\3q$n\\:t\R6]ّ!f\]y֍FO-얿Zd\}bCUy;&I7wwxy`\̼˻\o\\r\00zUr֭\\\\8D˱n\c_w\n\\Jz\r$\r}6\\\^֮\.s\\+c-{>:n\\\c\'\≀\:˻˻\ݰ\d\Ue\϶su\ݻW\\\\Q\ZIsbZ\ָnɟ6\;5\ٷ^]\0C\?F\n*2PΙe\#\!ϥ\\4\\D+/\\\`\BD\\01\0\0\0\0\0\0!1A Qa\"02q@BCPS\\\0?\0n.Лw*dmoD?j;#\\DY[Rdc\Z[v\ϕ\	D-ȉ\\\b[xZ\=\\I|MS(dZ\\tBNӡI<W\\u6;l)6m\\'rH\CB\\Jυ=j\zr\V=\N\ܬcE\B{\r}\9F(}(\\\:\Jً-ٓ#t4Z\Zwf4^-mhƵ^>hT\3\%(\q9^/F\\歴\ZrvF*t\qYfw\\\\7\\\MиCܦPcT\\ukbƋ\ǣ=\nXd\Ȟ\k\\Z\1؛WX\"RwCUJ+E;Cji\ref-ܬ\"+bVUo&5\;w\^̔p\(\\{\rh\\\I\^Y\\*Cyb\^M\IPÔt\eIgD\\#v;Bj3o\3\\5%\ǂ~2N\ޭᝒM\in8z_lR=\TB.foNW\\\ړȑ\qvw1L\z\֩\D\b{2\\[b\v[*V%m7kŌz;9FtCPMwHCxb[\ܩ\2-\n褩\VOFH\58c[\'\\&\Z\{D\R5hi\KxW[oW\\\\Z&\'k\\K\ѱGv$\\r`F]VJt\G\Lpi6\DݗC<;p1\\D*\\4%ȾIlI+(n\ϑrz(;B\\\\!\K\/LPW6}=a<\\\pp\\\;8eʋ\\E\\m\#k\Җt,kbLl]-X\\ګ$$K턭I\qi\4>\"^\l\ڪHW	\\J;\Rȋ\Ka̶\\\&)F\bhP\\\T4\rW8=\r<xGR_D}\n&.ĸlkdHow\\#\:ot@\I^\kf7\g\W\r\gN\˒/>\r\\gMbnX%j\ihjV;\%\4\c#XE\[lv\\\d7>\(ű.D$I\c\1-{\c\W5\$\5\\\"D}؋U\$ΜΊGM4\:k\rВEgH_\Jm2W\\~O\8IQY\׸\\SGk\\|3\̰GB\"B5\+T-^\'\lr\hD$I\n+(up%\[huTwj\ķ-k-5\;kw#9\\U\"5L{ŝYl\ԨLMR^Lzj\\z\[\\"#vFGиG\{CXHPޗ\\%KR\f/f\\P\\\v[+\՞R\\0\w(K+lc|?c1#\\2^	z$)\nK<\\K\䜟Ҭ&ӆ#ʫG\~ϒcY}~\~\~\rlMI[=\_\\\M\>Ĵ\0*-\~\#t\R\lc,~~\c\D}E+lوCѱt1֗ui\=~J\\0\rHt1\Vg\\/\nYu\7E[ZUygsip8\J\.#wH5J2@ɜ-ҏ7{12KI<Kf\~m4vv:sv\h\\N\uY:\\2D2MuCD	7\0Y^\\\\\Щn\o\RI>6\\\\\i}]\q)w-ʗruB^-0R\-0R\+\\Iޛi0`Hǃt6\L\\\">\"\:s\k	i\Zek3zmiX|D=}z\\ro\|h\0H\\!\"\~Uэ}\K\B\B\Kq\\K\\\\Z-\+\e\Z͜l>t\8G=\V&Z\{\\^(/=\\Ko\\Z.;ceE\\;;~^KV\[\\\\x)F{ѡ\\"Ol\^K\D-\0Qyfh튉\ƌ\vegu\\<Zv\GV\l\\\P5Ȟ\Oa\oq#\\/N5r!B6+t{^\p{?C1螎\!\ĕ2I{BWƷp8\\'&\>2Vb{\7$?\T%!#֭\W\\-ع\pi=X?\\u?f8JG[ᓂ\n_\0#B[I!K-QݳO8BծDD^\|\ro\ħ\_\'Аؗsc\[;:j?eF]f~\"B\Ƕ[\ю8yGO.8a\\>\\\OI:y!,\ǺȶxE\\\\=%ƉmS\bAG!j\\'HQJ(\j\\鿏H\\r:ahL\t(bJ\WO\%L=\\\0\5\\C\L\Bc[2Bd7<䷁,i\[q]Ց\\r\:nLo\>\\$К\Н\]h\~~Ӄ\\T\	C钵鑗\\\\\\G\\\r鋁+\\2q8\\ζ-\\ųTCGlTQ\x=^_q{<\\\0I,\(k钴)f\Z\FT\\\\\"_ЛŊ\{q~\\\\E\=yѼ\7\\lW\Z4\n.T\\K(}9gb\|vOE\H\0d\IXE:b\\"ݑ{4%YBLKfrV+,{\r\\.goJ۳\e-\\\\aeO;}uQv\\U\,I\k|\nHU\	\0\\0r\"\MT\/Y헪{!\Y\[\n1\\rEFu^׺\M1N?#\J\\ٔqؔbG+%e&C\P-~\\!IU_RnQg%wF5QF\ɖ\\'៳Z8M4=\.sܬ\]\|lƛ1LR\I\c9;YKBD}g\\0 \0\0\0\0\0\0\0\0 \\0\0\hA5\K+̬|,k\0;(ʲ\UkViUW\ll33l\6\\!\\]\o`\KA\tD1\"T.*\orcԵ!o\\:%]\\\Ů/(\z_\\ UQHi\(*RdMR0 aެMo\D+H3W{0eSZ!.\\WHVTec24VFU` 0B\`Ml\)d\$2+\roJi7Y}X\\Z*w\(|֨Nc\mw5\PU\}l\oa@	ɬ\\6l)!E5\^B	BWJN\ye\kԀUk,	\'e\2\.X\\\\\L.KO$!D{\'ZK>u\\\\\ǵ\F\\=qU0Z+\[\-?EEsV\\3_\=\\Z݋\Mh-BӇ]	KE:YX4\\\\3\X.\1:?8axTS~>!e\\ֈ>+ǧ\8eVl\\rwl%1Ķ3\lvMzH_Īޖt]o\+{\9bR-u\2j2\n\a\#\[g\\y\&-x\Iɕl1n5e\uk, \mد=D*V1ʕ]\\ɫfVr2k\K\(\\U\Jp[;݇O?\̯3\\,l#\0\)+\Kb\\\j&lT%4^\25\0\0\\0Cw\Zl 1\lA؍EU{E\٬!B\ӏjXum\\\sԯ\V\/D, P9j\fY\3_x\fJcx|A+pzF\]ϫ\߭g\ߓ\\݉\ \r-\c\Zq\\\BŅ\iC*=-߼\0z\@Ѐ`C \R.8(GU\W2Ҷ@\5~/\{Kݹ\߸a<\rA\0\\A\fYL\,)\ \@L,j\7mkX\\']oSk@=@O]\\Z\r%Jr\\\yy|\n~f\N\\K3\0QkFj,\\\'>b@\\\pp5\8Eˌ\\ږ5z\h\lI|\0\D\X\%\/.ދp\0\&@\C+N`\\G\8Đ,\b< K	-!Զh\Vu_Ć$\J,\f\Z.@\\0\0r?řY$61d.\!-Ս\Evjܲ9dto\\\Z֦\0\0  $\0e\\Y\\m6!{;4\\\p~\B\D+\\s\\\:\\0\0 K6Aci\\5\geıꛯ{[Pf~Ey\ZЂw`~>|\n\0\0\0\\aaY\ז-\Pֽ\jW\'\8oO>\kTm@璼\Z\0\hqyypZs[d>IbŉaH\\*Ue%b\rvWI\!\WA\rfQ\\h\<\\0\0\0\0W*\v\\I$b\n\|-d<q\.ŵ\J5\"/>~|\'CYj\\'<\0\0\0h\I,N\\n\*\n+*\0Vr%d(\<\^\rs\\rINAC2\ZjW@\:х2b\B@\nT+)B\0\X*9\\rYT\#AS^\P/L\Ms\RiYrV\0PUuk*\(\rsMG&shF5Ő)d\VFmy\\Z\\\ZTAThƌh:\\Z&ֹȧRZ\[1V\.\\Z pR\d-\l\55\"ES\0\V@EZ\Z\\\\\Zlֵs\\W\{\$aN<\\0R	¨:UbkNHA\k2춬k\\ִI{\-\H5\!O\Z\n\@؂hF*0*\@jh>i\\\\ʚ\$\"\\\0 \\\,Y\ZΠPεi\"#!AX ;0\k\"\\L<ֹ\Pc\r+\B5j\\\\0\0\0\0B9\V\0\Z\0\0\0\0&fE[\Ǿ4~h\\\nVe5tG:$`*8T0\r4aZ\<r>>k\\6Lw`vA`b,*Gnco\\07\0\0\0\0!1AQa \"2q\0B#3Rb$@\\\0?\0\ZI$R\y#\'O~(ng\Ez\\M\'Rl5H\'KaB4\'9[\zqVc>\o\R%&=\\ȑd9o\\\Zح\\>\{\H\f[\S\ɭMZ0XBI,\ڪ9\튏\$y?>,.QT\\o[#/,\Gr~Փ\\ŘKobђKLq&8\VǑ1E\f<-Ĳ#(Ԏ\vȽ\qt8\KصF&\\'\GVm\=\Ħb\Wr\|\\Ȕ{KT5\\b\e-\xP\\D\\Eth\Lu\\\F\i\SU\"\ZSN{</\0T\v?a.NQtCViF\\&/#y-DD?bSxWjݝ\'qGb\ObR\[!vtY\\CK>\%xDEl?\'CB+qpp\Ą\l\\C{fM(n3ƶ\Z\"\(|4([[ݚquy&\0[\'jN\\\Zh\T Вw:lJT\\G\g{H\t\\.EF0I\2\\4_W\X\ELٚvV-/wS>Ι\,ԧZs\ǚVEOtEkn\\[#%\w\\\I\e\Q]\m2M[[]%bprK%:*YHMS+aN64\7\'&hO\r4iYI\\=$#/rȵL\j\?6-E4\?\MdE\rteש-)\\'(\JڣDj\BIK(W,\"3ҌPD\\_\b/t/|Z&\Nǩ\\h\Z	I|Hܔ{䔕4Ml֎VW%/\\\ѥ-\"Ȳ\"rinIJ\c-?\n\r-\4t}\"DOqw~]b\"\ƌI#4%|M\r)bO\\2Ȩ\ƗG	\;\V:>H$,ϼ\Bn\'v\%M`J[Jq:f\\d\΍x\$k%\Q94#MܰE\JDc+kZp\(F=z_#|(\Z\Z\;M\ڒ[!DV	KdI\\F\"\.=\d[&ܷEQ\P!N=q~w;\\\\ظb\W\'H҃\x%mE\ZUt\If\\#\jD\\1UJ\\{\E˵:_;BOܖMX$\+|٬4JmE,\Zٙ\"3T\k4GR\O>g\,\K+vi\Z4\N:i6\\\%I>XvǼl\"ܶcLSI#NВj\\\nqq\\2^.\N^\Ã)kaIS;^:8\5J=ѭ\lob\-2jK5_7\\4K{!ɣ-\\<*\5.b(\(%_SI\R9]\Z\ٹi8-\(j-țȹDY	Ct\\-\"}\Z#,ͤ5lr8?QN\	ƣ\\{\\}\zl۔k\\a\\\"k4bT~XF&\li}\l\\6B\U\/|{EmL>E\$d{S\[Y8\٩u5\5\\Gv_\q\\Iߞ\rV\)O\J	Cud\2m_i\U\Zk\-\\%d\$#ri|\Z;{]FZM%\:ocSl\86ƽ%nGnb8`\\x\\yx44Ve#i[%&\D\\'\\ӻy4\!tf|\ݜ\٪$\"N)Mbn\E\\\{\!w\м\\'dIĔdCZ\>\\ׂJ([t~!\\Iy~!\I#V*\\+]\\տ?\rܓU\\n[p\\\\H\\6\?)>\N>\\\P%*{\Q\'sf/\5\Oܔ\/vC܊\K\7\Qr\y$h.b\\%\\ꆶ$?$D\]d|CM)<2\rF\X^H$^HF[\\4Н5$(),\&$v\Il\JNgl\0ahΖP\02\\!\W\r/\Z0\TCM\mT_3S]\\\"WD/$|{!\0g\^DyO?^\"/r^a4w\Oz\Z\!\{\\'\57K\:]5w\$\'\j\#vܾKQTSo\\Z\JRn2:xIy:U\v7XhRU=ƕ5h3\K\.\~xэz\ryƤ\FJ쏒\^}!xx=\}P?(~Wߥ\\͑B\\[~\ݡ,Qi[4\^W\~\8\o/\iEl\=\\2Zm\KIQn\ܓ\\m\?xf\х4\\~#QTq55\\\011\ڬ\/,\0#[\~O^\Dz1g??5\0\\Լ3S\0SS\\\Z\0\|ǡOy+\0l^~\O/vDki\'\r9Rc{5eng\\*\HomY\#[BSu\ZK\jIS\!\'riQB<4\'\͋ꈉt/\"~H\.XP\~	x\.>\1T\\\n{/?c\\\\\\\'{\\5\\:\v_a)\FIjj:\\/\"R4\Iӏ\kN\&E=tf2$_F\G\\\9x\ǚ7)7\iڎ>\\\$XȤ\\#M6d;r\\0$}\Ud\"HQ\5\5g.\6<oS	\tФ[/{&a&\\J\hQN\\f%ᚚk2Srv,)[_s;En\4\\'͚<04M+AF#\\ \J\\Yg(C{ߩ&\n߂vyD\[?Rx|i\kؔ%4d\H2YGe2\tjHnX\\u\\\\U{\͕$f\y#>\n/;~.Ҟ	y%\\\ؒٓO\?&rTݡxB/|~\|}\/\_\\_z\\0%e7T?o~9\	ɱ\n\Qv\^»\רl)+y\zy)P\\\0mDg\"C\\<\r\ɋhst\cN\\\hܔY\ٓYC[{\ْ\\\d^̽%\h~\\QG\9l\\\!F&\\˥fnr0UVsݝQ\\,\Ɵr\,5hSw$?\\lM+[[B\!,\'$\"\&\\Zo/fqKۊݐ[!\\d\#Ti\\W$x\\W7H\"S$\4I\9,rC\\H\Z=\\F\XHͧhN\P\0\;e6\\Gt%8bnMoȚ\h|\$%Ȟ\_&d){M{1\\GW!?9n\IwK\0}Y);~݉7\w9\'\\"pwj(p.Ŗ4\,3f\\\\[+(I\\\ro\i\\r%\\wD>v++&Ml\0R_܈K?\Il\y4t\'lQƚsݏ\|eih\M[\'\w\e9<\r<N\9;\\\g\';7CÆ\\Ec`n\\kVH\Zv>OO\w{l5{\\/,Ouel\ԏ6V\,Oo\|\\SS2\4t>r%?{oB\BmN\\ms\M_Ϧh\rٍ\0ɧ-הGV=\\0Ѕy\Z覩SK1\BN\(bjהFj㒼/K\|<z+8$:xgpEl\'ѩS~4\\Ӟ\	\0A-\\Q\,/_\\7\\QC8BYe#l):O\qߩ$$tB\\)ŦKJU\?\Z?TGV*Qۣ{Dz^榏4\\'\0Qc\\0$f;_1\\\5W\rz{,g⨄\R_6f>%kІ\	{M\\\\\*\0Vj\>\\"\[ȧlWlr\Ðv\ҡEd\ij?k8\\w-\n\r_\A{u\Sr\\q\\nY\Jѧ\Ek\\0(\\\\\+\\^#V%O(K	NຳMd\x\$$\\Z-\8LV?\\5\"ѥ>k\EWW3\*o\\O[\ZJ\N\-Gmc\%_\\"cB96\J\\\\invi//?\ZS\NK:a{	g0y\'\4i\>\7O\z+rz{bى;+9ًs7\VRO&\`\\\)\bOY\$\l!E{\o=/ceH\o|\\B\\\`IR\\L{tZhi\\D\/O𚟓bjW\DfZn\q\"}tjicQc\\\\[`5N\Zܲ-Yk\bYhuf_J/\\\_Q\\ؖ\Oq.=z(\\;W_S[݋JO\jG\\\E1\#?rS[rCZu&KF_\\\]Y}c,\\軲/}\Nؔn\Z\\ۺyd\J)\Z-\\TVj\hW\\q9Y\Z3.^=[\\/\ďGGs;坺RPOsJ\\]1\^:&\ǥ\'~T$\\\\\\4!tc]EBۢ\8%Og\ia\֢wF\%5$Mnݪd\5%	:#5\0T\n\0\Օ\,\\QE`\CK_Z\\nQ\\{].:\(sūGw\'w\\t\\\\\'g\Dex\\([!5ObPwX\ogOf7\Zv}\r\W\\r\2T\V1]\̢|!\&x(\\,2\\\Z\UsVV↛l\\\.\V`\N:7\-9(8R)\O\\Z\\k\Z\Z܌\2P\ݛQ+ãWjm\\mۊ=\45\.\[j\]-\n\[}l:cf[\b\\Æj\\T\?\`6\hQkQ1%cY\\Q\\'Gr$Ȟ\S_;y\\',8,43),(3,'Natacion',NULL,NULL,NULL,NULL,NULL),(5,'Crossfit',NULL,NULL,NULL,NULL,NULL),(6,'Natación',NULL,NULL,NULL,NULL,NULL),(9,'',NULL,NULL,NULL,NULL,NULL);
/*!40000 ALTER TABLE `clase` ENABLE KEYS */;
UNLOCK TABLES;

--
-- Table structure for table `historial_clases`
--

DROP TABLE IF EXISTS `historial_clases`;
/*!40101 SET @saved_cs_client     = @@character_set_client */;
/*!50503 SET character_set_client = utf8mb4 */;
CREATE TABLE `historial_clases` (
  `Id_Clase` int DEFAULT NULL,
  `No_Socio` int DEFAULT NULL,
  `Inicio_Clase` varchar(45) DEFAULT NULL,
  `Fin_Clase` varchar(45) DEFAULT NULL,
  `Dia` varchar(45) DEFAULT NULL,
  KEY `Id_Clase_idx` (`Id_Clase`),
  CONSTRAINT `Id_Clase` FOREIGN KEY (`Id_Clase`) REFERENCES `clase` (`id_Clase`)
) ENGINE=InnoDB DEFAULT CHARSET=utf8mb4 COLLATE=utf8mb4_0900_ai_ci;
/*!40101 SET character_set_client = @saved_cs_client */;

--
-- Dumping data for table `historial_clases`
--

LOCK TABLES `historial_clases` WRITE;
/*!40000 ALTER TABLE `historial_clases` DISABLE KEYS */;
INSERT INTO `historial_clases` VALUES (2,27,'8:00','9:00','Martes');
/*!40000 ALTER TABLE `historial_clases` ENABLE KEYS */;
UNLOCK TABLES;

--
-- Table structure for table `horario_clase`
--

DROP TABLE IF EXISTS `horario_clase`;
/*!40101 SET @saved_cs_client     = @@character_set_client */;
/*!50503 SET character_set_client = utf8mb4 */;
CREATE TABLE `horario_clase` (
  `Dia` varchar(15) DEFAULT NULL,
  `Inicio_Clase` varchar(45) DEFAULT NULL,
  `Fin_Clase` varchar(45) DEFAULT NULL,
  `Id_Clase` int DEFAULT NULL,
  KEY `Id_Clase_idx` (`Id_Clase`),
  KEY `Id_ClaseH_idx` (`Id_Clase`),
  CONSTRAINT `Id_ClaseH` FOREIGN KEY (`Id_Clase`) REFERENCES `clase` (`id_Clase`)
) ENGINE=InnoDB DEFAULT CHARSET=utf8mb4 COLLATE=utf8mb4_0900_ai_ci;
/*!40101 SET character_set_client = @saved_cs_client */;

--
-- Dumping data for table `horario_clase`
--

LOCK TABLES `horario_clase` WRITE;
/*!40000 ALTER TABLE `horario_clase` DISABLE KEYS */;
INSERT INTO `horario_clase` VALUES ('Martes','8:00','9:00',2),('Viernes','12:00','13:00',5),('Jueves','15:00','16:00',6),('','','',9);
/*!40000 ALTER TABLE `horario_clase` ENABLE KEYS */;
UNLOCK TABLES;

--
-- Table structure for table `instructor`
--

DROP TABLE IF EXISTS `instructor`;
/*!40101 SET @saved_cs_client     = @@character_set_client */;
/*!50503 SET character_set_client = utf8mb4 */;
CREATE TABLE `instructor` (
  `No_Empleado_I` int NOT NULL,
  `Nombre` varchar(80) DEFAULT NULL,
  `PApellido` varchar(80) DEFAULT NULL,
  `SApellido` varchar(80) DEFAULT NULL,
  `CURP` varchar(45) DEFAULT NULL,
  `RFC` varchar(45) DEFAULT NULL,
  `Direccion` varchar(300) DEFAULT NULL,
  `Correo` varchar(80) DEFAULT NULL,
  `Telefono` varchar(45) DEFAULT NULL,
  PRIMARY KEY (`No_Empleado_I`)
) ENGINE=InnoDB DEFAULT CHARSET=utf8mb4 COLLATE=utf8mb4_0900_ai_ci;
/*!40101 SET character_set_client = @saved_cs_client */;

--
-- Dumping data for table `instructor`
--

LOCK TABLES `instructor` WRITE;
/*!40000 ALTER TABLE `instructor` DISABLE KEYS */;
INSERT INTO `instructor` VALUES (43,'Luis Miguel','Arellanes','Bailon','AEBL820825HGRRLS11 ','AEBL820825000','AV. 20 DE NOVIEMBRE NO. 1060','luis@gmail.com','5578453422'),(44,'Arturo','Bartolo','Carbajal','BACA780820HGRRRR08','BACA780820000','CALLE ZARAGOZA NO. 1010',NULL,NULL);
/*!40000 ALTER TABLE `instructor` ENABLE KEYS */;
UNLOCK TABLES;

--
-- Table structure for table `socio`
--

DROP TABLE IF EXISTS `socio`;
/*!40101 SET @saved_cs_client     = @@character_set_client */;
/*!50503 SET character_set_client = utf8mb4 */;
CREATE TABLE `socio` (
  `No_Socio` int NOT NULL AUTO_INCREMENT,
  `Nombre` varchar(80) DEFAULT NULL,
  `PApellido` varchar(80) DEFAULT NULL,
  `SApellido` varchar(80) DEFAULT NULL,
  `Edad` int DEFAULT NULL,
  `CURP` varchar(45) DEFAULT NULL,
  `userSocio` varchar(80) DEFAULT NULL,
  `correo` varchar(80) DEFAULT NULL,
  PRIMARY KEY (`No_Socio`),
  KEY `correo_idx` (`userSocio`),
  CONSTRAINT `userSocio` FOREIGN KEY (`userSocio`) REFERENCES `usuario` (`UserName`)
) ENGINE=InnoDB AUTO_INCREMENT=30 DEFAULT CHARSET=utf8mb4 COLLATE=utf8mb4_0900_ai_ci;
/*!40101 SET character_set_client = @saved_cs_client */;

--
-- Dumping data for table `socio`
--

LOCK TABLES `socio` WRITE;
/*!40000 ALTER TABLE `socio` DISABLE KEYS */;
INSERT INTO `socio` VALUES (12,'Cris','Franco','Chavez',22,'FACJ990107HMCRHM00','cris@gmail.com',NULL),(16,'Jose','Hernandez','Hernandez',21,'FACJ990107HM01','jose@mail.com',NULL),(17,'Cristian','F.','C.',19,'FACJ990107HMCRHM02','cfran@gmail.com',NULL),(22,'Andrea','Gomez','Hernandez',22,'AACE990107HM01',NULL,'andy@mail.com'),(26,'Andrea','Gomez','Hernandez',22,'AACE990107HM01','andy@mail.com','usuarioP'),(27,'Luis','Hernandez','Jimenez',18,'AACE990107HM01','use','ae@mail'),(28,'Jaime Cristian','Franco','Chávez',22,'FACJ990107HMCRHM00','CRIS99','francochavezcristian@gmail.com'),(29,'Luis','Chávez','Martinez',12,'FACLK08987HMW','lm87','luis@gmail.com');
/*!40000 ALTER TABLE `socio` ENABLE KEYS */;
UNLOCK TABLES;

--
-- Table structure for table `usuario`
--

DROP TABLE IF EXISTS `usuario`;
/*!40101 SET @saved_cs_client     = @@character_set_client */;
/*!50503 SET character_set_client = utf8mb4 */;
CREATE TABLE `usuario` (
  `UserName` varchar(80) NOT NULL,
  `Contrasena` varchar(45) DEFAULT NULL,
  `Rol` varchar(45) DEFAULT NULL,
  PRIMARY KEY (`UserName`)
) ENGINE=InnoDB DEFAULT CHARSET=utf8mb4 COLLATE=utf8mb4_0900_ai_ci;
/*!40101 SET character_set_client = @saved_cs_client */;

--
-- Dumping data for table `usuario`
--

LOCK TABLES `usuario` WRITE;
/*!40000 ALTER TABLE `usuario` DISABLE KEYS */;
INSERT INTO `usuario` VALUES ('andy@mail.com','contrasena','Socio'),('cfran@gmail.com','123','Socio'),('cris@gmail.com','1234','Socio'),('CRIS99','123','Socio'),('jbadillo@gmail.com','1234','Administrador'),('jose@mail.com','123','Administrador'),('lm87','123','Socio'),('use','contrasena123','Socio');
/*!40000 ALTER TABLE `usuario` ENABLE KEYS */;
UNLOCK TABLES;

--
-- Dumping routines for database 'gym'
--
/*!50003 DROP PROCEDURE IF EXISTS `sp_actualizarSocio` */;
/*!50003 SET @saved_cs_client      = @@character_set_client */ ;
/*!50003 SET @saved_cs_results     = @@character_set_results */ ;
/*!50003 SET @saved_col_connection = @@collation_connection */ ;
/*!50003 SET character_set_client  = utf8mb4 */ ;
/*!50003 SET character_set_results = utf8mb4 */ ;
/*!50003 SET collation_connection  = utf8mb4_0900_ai_ci */ ;
/*!50003 SET @saved_sql_mode       = @@sql_mode */ ;
/*!50003 SET sql_mode              = 'STRICT_TRANS_TABLES,NO_ENGINE_SUBSTITUTION' */ ;
DELIMITER ;;
CREATE DEFINER=`root`@`localhost` PROCEDURE `sp_actualizarSocio`(in userA VARCHAR(80),
								in spNombre VARCHAR (80),
								in PAp VARCHAR(80),
								in SAp VARCHAR(80),
                                in spCurp VARCHAR(45),
								in spEdad INT,
								in spCorreo VARCHAR(80))
BEGIN
	DECLARE spRol VARCHAR(45);
    declare IdSocio INT;
    SET spRol = 'Socio';
    SELECT IdSocio =  a.No_Socio FROM socio AS a
    INNER JOIN usuario AS b ON  b.UserName = a.userSocio 
    WHERE b.UserName = userA;
# Acualiza tabla usuario

# Acualiza datos del Socio    
	UPDATE socio
    SET Nombre = spNombre, PApellido = PAp, SApellido = SAp, 
    Edad = spEdad, CURP = spCurp, correo = spCorreo
    where No_Socio = IdSocio;
    
    
END ;;
DELIMITER ;
/*!50003 SET sql_mode              = @saved_sql_mode */ ;
/*!50003 SET character_set_client  = @saved_cs_client */ ;
/*!50003 SET character_set_results = @saved_cs_results */ ;
/*!50003 SET collation_connection  = @saved_col_connection */ ;
/*!50003 DROP PROCEDURE IF EXISTS `sp_eliminarClase` */;
/*!50003 SET @saved_cs_client      = @@character_set_client */ ;
/*!50003 SET @saved_cs_results     = @@character_set_results */ ;
/*!50003 SET @saved_col_connection = @@collation_connection */ ;
/*!50003 SET character_set_client  = utf8mb4 */ ;
/*!50003 SET character_set_results = utf8mb4 */ ;
/*!50003 SET collation_connection  = utf8mb4_0900_ai_ci */ ;
/*!50003 SET @saved_sql_mode       = @@sql_mode */ ;
/*!50003 SET sql_mode              = 'STRICT_TRANS_TABLES,NO_ENGINE_SUBSTITUTION' */ ;
DELIMITER ;;
CREATE DEFINER=`root`@`localhost` PROCEDURE `sp_eliminarClase`(in idCLase INT)
BEGIN
	DELETE FROM historial_clases WHERE idClase = Id_Clase;
    DELETE FROM horario_clase WHERE idClase = Id_Clase;
    DELETE FROM clase WHERE  idClase = id_Clase;
    
    
    
END ;;
DELIMITER ;
/*!50003 SET sql_mode              = @saved_sql_mode */ ;
/*!50003 SET character_set_client  = @saved_cs_client */ ;
/*!50003 SET character_set_results = @saved_cs_results */ ;
/*!50003 SET collation_connection  = @saved_col_connection */ ;
/*!50003 DROP PROCEDURE IF EXISTS `sp_eliminarSocio` */;
/*!50003 SET @saved_cs_client      = @@character_set_client */ ;
/*!50003 SET @saved_cs_results     = @@character_set_results */ ;
/*!50003 SET @saved_col_connection = @@collation_connection */ ;
/*!50003 SET character_set_client  = utf8mb4 */ ;
/*!50003 SET character_set_results = utf8mb4 */ ;
/*!50003 SET collation_connection  = utf8mb4_0900_ai_ci */ ;
/*!50003 SET @saved_sql_mode       = @@sql_mode */ ;
/*!50003 SET sql_mode              = 'STRICT_TRANS_TABLES,NO_ENGINE_SUBSTITUTION' */ ;
DELIMITER ;;
CREATE DEFINER=`root`@`localhost` PROCEDURE `sp_eliminarSocio`(in NoSocio INT,
									in usuario VARCHAR(80))
BEGIN
	DELETE FROM socio WHERE  No_Socio = NoSocio;
    DELETE FROM usuario WHERE UserName = usuario;
    
END ;;
DELIMITER ;
/*!50003 SET sql_mode              = @saved_sql_mode */ ;
/*!50003 SET character_set_client  = @saved_cs_client */ ;
/*!50003 SET character_set_results = @saved_cs_results */ ;
/*!50003 SET collation_connection  = @saved_col_connection */ ;
/*!50003 DROP PROCEDURE IF EXISTS `sp_inscribirClase` */;
/*!50003 SET @saved_cs_client      = @@character_set_client */ ;
/*!50003 SET @saved_cs_results     = @@character_set_results */ ;
/*!50003 SET @saved_col_connection = @@collation_connection */ ;
/*!50003 SET character_set_client  = utf8mb4 */ ;
/*!50003 SET character_set_results = utf8mb4 */ ;
/*!50003 SET collation_connection  = utf8mb4_0900_ai_ci */ ;
/*!50003 SET @saved_sql_mode       = @@sql_mode */ ;
/*!50003 SET sql_mode              = 'STRICT_TRANS_TABLES,NO_ENGINE_SUBSTITUTION' */ ;
DELIMITER ;;
CREATE DEFINER=`root`@`localhost` PROCEDURE `sp_inscribirClase`(in spId INT,
								   in spNoSocio INT,
								   in spInicio VARCHAR(45),
								   in spFin varchar(45),
                                   in spDia VARCHAR(45))
BEGIN
 INSERT INTO historial_clases(Id_Clase,No_Socio,Inicio_Clase,Fin_Clase,Dia) 
			VALUES(spId, spNoSocio,spInicio,spFin,spDia);
            
END ;;
DELIMITER ;
/*!50003 SET sql_mode              = @saved_sql_mode */ ;
/*!50003 SET character_set_client  = @saved_cs_client */ ;
/*!50003 SET character_set_results = @saved_cs_results */ ;
/*!50003 SET collation_connection  = @saved_col_connection */ ;
/*!50003 DROP PROCEDURE IF EXISTS `sp_iSesionAdmin` */;
/*!50003 SET @saved_cs_client      = @@character_set_client */ ;
/*!50003 SET @saved_cs_results     = @@character_set_results */ ;
/*!50003 SET @saved_col_connection = @@collation_connection */ ;
/*!50003 SET character_set_client  = utf8mb4 */ ;
/*!50003 SET character_set_results = utf8mb4 */ ;
/*!50003 SET collation_connection  = utf8mb4_0900_ai_ci */ ;
/*!50003 SET @saved_sql_mode       = @@sql_mode */ ;
/*!50003 SET sql_mode              = 'STRICT_TRANS_TABLES,NO_ENGINE_SUBSTITUTION' */ ;
DELIMITER ;;
CREATE DEFINER=`root`@`localhost` PROCEDURE `sp_iSesionAdmin`(in spUser VARCHAR(80),
									in spCont VARCHAR(80))
BEGIN
	DECLARE spRol VARCHAR(45);
    SET spRol = 'Administrador';
	SELECT UserName, Contrasena, Rol FROM usuario
    WHERE UserName = spUser AND Contrasena = spCont
    AND Rol = spRol; 
END ;;
DELIMITER ;
/*!50003 SET sql_mode              = @saved_sql_mode */ ;
/*!50003 SET character_set_client  = @saved_cs_client */ ;
/*!50003 SET character_set_results = @saved_cs_results */ ;
/*!50003 SET collation_connection  = @saved_col_connection */ ;
/*!50003 DROP PROCEDURE IF EXISTS `sp_iSesionSocio` */;
/*!50003 SET @saved_cs_client      = @@character_set_client */ ;
/*!50003 SET @saved_cs_results     = @@character_set_results */ ;
/*!50003 SET @saved_col_connection = @@collation_connection */ ;
/*!50003 SET character_set_client  = utf8mb4 */ ;
/*!50003 SET character_set_results = utf8mb4 */ ;
/*!50003 SET collation_connection  = utf8mb4_0900_ai_ci */ ;
/*!50003 SET @saved_sql_mode       = @@sql_mode */ ;
/*!50003 SET sql_mode              = 'STRICT_TRANS_TABLES,NO_ENGINE_SUBSTITUTION' */ ;
DELIMITER ;;
CREATE DEFINER=`root`@`localhost` PROCEDURE `sp_iSesionSocio`(in spUser VARCHAR(80),
									in spCont VARCHAR(80))
BEGIN
	DECLARE spRol VARCHAR(45);
    SET spRol = 'Socio';
	SELECT UserName, Contrasena, Rol FROM usuario
    WHERE UserName = spUser AND Contrasena = spCont
    AND Rol = spRol; 
END ;;
DELIMITER ;
/*!50003 SET sql_mode              = @saved_sql_mode */ ;
/*!50003 SET character_set_client  = @saved_cs_client */ ;
/*!50003 SET character_set_results = @saved_cs_results */ ;
/*!50003 SET collation_connection  = @saved_col_connection */ ;
/*!50003 DROP PROCEDURE IF EXISTS `sp_iSesionUsuario` */;
/*!50003 SET @saved_cs_client      = @@character_set_client */ ;
/*!50003 SET @saved_cs_results     = @@character_set_results */ ;
/*!50003 SET @saved_col_connection = @@collation_connection */ ;
/*!50003 SET character_set_client  = utf8mb4 */ ;
/*!50003 SET character_set_results = utf8mb4 */ ;
/*!50003 SET collation_connection  = utf8mb4_0900_ai_ci */ ;
/*!50003 SET @saved_sql_mode       = @@sql_mode */ ;
/*!50003 SET sql_mode              = 'STRICT_TRANS_TABLES,NO_ENGINE_SUBSTITUTION' */ ;
DELIMITER ;;
CREATE DEFINER=`root`@`localhost` PROCEDURE `sp_iSesionUsuario`(in spUser VARCHAR(80),
									in spCont VARCHAR(80))
BEGIN
	SELECT UserName, Contrasena, Rol FROM usuario
    WHERE UserName = spUser AND Contrasena = spCont; 
END ;;
DELIMITER ;
/*!50003 SET sql_mode              = @saved_sql_mode */ ;
/*!50003 SET character_set_client  = @saved_cs_client */ ;
/*!50003 SET character_set_results = @saved_cs_results */ ;
/*!50003 SET collation_connection  = @saved_col_connection */ ;
/*!50003 DROP PROCEDURE IF EXISTS `sp_obtenerUsuario` */;
/*!50003 SET @saved_cs_client      = @@character_set_client */ ;
/*!50003 SET @saved_cs_results     = @@character_set_results */ ;
/*!50003 SET @saved_col_connection = @@collation_connection */ ;
/*!50003 SET character_set_client  = utf8mb4 */ ;
/*!50003 SET character_set_results = utf8mb4 */ ;
/*!50003 SET collation_connection  = utf8mb4_0900_ai_ci */ ;
/*!50003 SET @saved_sql_mode       = @@sql_mode */ ;
/*!50003 SET sql_mode              = 'STRICT_TRANS_TABLES,NO_ENGINE_SUBSTITUTION' */ ;
DELIMITER ;;
CREATE DEFINER=`root`@`localhost` PROCEDURE `sp_obtenerUsuario`(in spUser VARCHAR(80))
BEGIN
SELECT a.No_Socio, a.Nombre, a.PApellido, a.SApellido, a.Edad, a.CURP, a.correo, b.Contrasena FROM socio as a
INNER JOIN usuario as b ON b.UserName= a.userSocio
WHERE b.Rol = 'Socio' and b.UserName = spUser;

END ;;
DELIMITER ;
/*!50003 SET sql_mode              = @saved_sql_mode */ ;
/*!50003 SET character_set_client  = @saved_cs_client */ ;
/*!50003 SET character_set_results = @saved_cs_results */ ;
/*!50003 SET collation_connection  = @saved_col_connection */ ;
/*!50003 DROP PROCEDURE IF EXISTS `sp_RegistrarClase` */;
/*!50003 SET @saved_cs_client      = @@character_set_client */ ;
/*!50003 SET @saved_cs_results     = @@character_set_results */ ;
/*!50003 SET @saved_col_connection = @@collation_connection */ ;
/*!50003 SET character_set_client  = utf8mb4 */ ;
/*!50003 SET character_set_results = utf8mb4 */ ;
/*!50003 SET collation_connection  = utf8mb4_0900_ai_ci */ ;
/*!50003 SET @saved_sql_mode       = @@sql_mode */ ;
/*!50003 SET sql_mode              = 'STRICT_TRANS_TABLES,NO_ENGINE_SUBSTITUTION' */ ;
DELIMITER ;;
CREATE DEFINER=`root`@`localhost` PROCEDURE `sp_RegistrarClase`(
										in spDia VARCHAR(15),
										in spNombre VARCHAR(100), 
                                        in spInicio VARCHAR(45),
                                        in spFin VARCHAR(45))
BEGIN
	DECLARE spIdClase INT;
	INSERT INTO clase(Nombre_Clase) VALUES (spNombre);
    SET spIdClase = (SELECT @@identity AS id); 
    INSERT INTO horario_clase(Id_Clase, Dia, Inicio_Clase, Fin_Clase) VALUES (spIdClase, spDia, spInicio, spFin);
				
END ;;
DELIMITER ;
/*!50003 SET sql_mode              = @saved_sql_mode */ ;
/*!50003 SET character_set_client  = @saved_cs_client */ ;
/*!50003 SET character_set_results = @saved_cs_results */ ;
/*!50003 SET collation_connection  = @saved_col_connection */ ;
/*!50003 DROP PROCEDURE IF EXISTS `sp_registrarSocio` */;
/*!50003 SET @saved_cs_client      = @@character_set_client */ ;
/*!50003 SET @saved_cs_results     = @@character_set_results */ ;
/*!50003 SET @saved_col_connection = @@collation_connection */ ;
/*!50003 SET character_set_client  = utf8mb4 */ ;
/*!50003 SET character_set_results = utf8mb4 */ ;
/*!50003 SET collation_connection  = utf8mb4_0900_ai_ci */ ;
/*!50003 SET @saved_sql_mode       = @@sql_mode */ ;
/*!50003 SET sql_mode              = 'STRICT_TRANS_TABLES,NO_ENGINE_SUBSTITUTION' */ ;
DELIMITER ;;
CREATE DEFINER=`root`@`localhost` PROCEDURE `sp_registrarSocio`(in spNombre VARCHAR (80),
								in PAp VARCHAR(80),
								in SAp VARCHAR(80),
								in spEdad INT,
								in spCurp VARCHAR(45),
								in spCorreo VARCHAR(80),
								in spUser VARCHAR(80),
                                in spContrasena VARCHAR(45))
BEGIN
	DECLARE spRol VARCHAR(45);
    SET spRol = 'Socio';
	INSERT INTO usuario (UserName, Contrasena, Rol)Values(spUser, spContrasena, spRol);
    INSERT INTO socio (Nombre,PApellido, SApellido, CURP, Edad, correo, userSocio)
	VALUES (spNombre, PAp, SAp, spCurp, spEdad,spCorreo, spUser);
END ;;
DELIMITER ;
/*!50003 SET sql_mode              = @saved_sql_mode */ ;
/*!50003 SET character_set_client  = @saved_cs_client */ ;
/*!50003 SET character_set_results = @saved_cs_results */ ;
/*!50003 SET collation_connection  = @saved_col_connection */ ;
/*!50003 DROP PROCEDURE IF EXISTS `sp_VisualizarClases` */;
/*!50003 SET @saved_cs_client      = @@character_set_client */ ;
/*!50003 SET @saved_cs_results     = @@character_set_results */ ;
/*!50003 SET @saved_col_connection = @@collation_connection */ ;
/*!50003 SET character_set_client  = utf8mb4 */ ;
/*!50003 SET character_set_results = utf8mb4 */ ;
/*!50003 SET collation_connection  = utf8mb4_0900_ai_ci */ ;
/*!50003 SET @saved_sql_mode       = @@sql_mode */ ;
/*!50003 SET sql_mode              = 'STRICT_TRANS_TABLES,NO_ENGINE_SUBSTITUTION' */ ;
DELIMITER ;;
CREATE DEFINER=`root`@`localhost` PROCEDURE `sp_VisualizarClases`()
BEGIN

	
SELECT a.id_Clase, a.Nombre_Clase, b.Dia, b.Inicio_Clase, b.Fin_Clase FROM clase as a
INNER JOIN horario_clase as b ON b.Id_Clase = a.id_Clase;

END ;;
DELIMITER ;
/*!50003 SET sql_mode              = @saved_sql_mode */ ;
/*!50003 SET character_set_client  = @saved_cs_client */ ;
/*!50003 SET character_set_results = @saved_cs_results */ ;
/*!50003 SET collation_connection  = @saved_col_connection */ ;
/*!40103 SET TIME_ZONE=@OLD_TIME_ZONE */;

/*!40101 SET SQL_MODE=@OLD_SQL_MODE */;
/*!40014 SET FOREIGN_KEY_CHECKS=@OLD_FOREIGN_KEY_CHECKS */;
/*!40014 SET UNIQUE_CHECKS=@OLD_UNIQUE_CHECKS */;
/*!40101 SET CHARACTER_SET_CLIENT=@OLD_CHARACTER_SET_CLIENT */;
/*!40101 SET CHARACTER_SET_RESULTS=@OLD_CHARACTER_SET_RESULTS */;
/*!40101 SET COLLATION_CONNECTION=@OLD_COLLATION_CONNECTION */;
/*!40111 SET SQL_NOTES=@OLD_SQL_NOTES */;

-- Dump completed on 2021-06-22 19:44:00
